Workbook

Sheet Character Builder
A1: EDHA CHARACTER BUILDER v2 | N1: TALENT VIEWER | U1: HeroicTalents | V1: Ley1Talents | W1: Ley2Talents | X1: DeityTalents | Y1: AllActiveTalents | Z1: ActiveSpecialties
A2: Cosmere RPG • Edha • Excel 365 • Duplicate this sheet to create additional characters | N2: Look up any talent by name, or browse by path below. | U2: {=IFERROR(_xlfn._xlws.FILTER(Calc!$D$2:$D$375,(Calc!$A$2:$A$375="heroic")*(Calc!$B$2:$B$375=$C$6)*(Calc!$C$2:$C$375<>"Key")),"")} -> Efficient Engineer | V2: {=IFERROR(_xlfn._xlws.FILTER(Calc!$D$2:$D$375,(Calc!$A$2:$A$375="leyline")*(Calc!$B$2:$B$375=$C$7)*(Calc!$C$2:$C$375<>"Key")),"")} -> Primal Awareness | W2: {=IFERROR(_xlfn._xlws.FILTER(Calc!$D$2:$D$375,(Calc!$A$2:$A$375="leyline")*(Calc!$B$2:$B$375=$C$8)*(Calc!$C$2:$C$375<>"Key")),"")} -> Burning Drive | X2: {=IFERROR(_xlfn._xlws.FILTER(Calc!$D$2:$D$375,(Calc!$A$2:$A$375="deity")*(Calc!$B$2:$B$375=$C$9)*(Calc!$C$2:$C$375<>"Key")),"")} -> Pattern Recognition | Y2: {=IFERROR(_xlfn._xlws.FILTER(Calc!$D$2:$D$375,(((Calc!$A$2:$A$375="heroic")*(Calc!$B$2:$B$375=$C$6))+((Calc!$A$2:$A$375="leyline")*(Calc!$B$2:$B$375=$C$7))+((Calc!$A$2:$A$375="leyline")*(Calc!$B$2:$B$375=$C$8))+((Calc!$A$2:$A$375="deity")*(Calc!$B$2:$B$375=$C$9)))*(Calc!$C$2:$C$375<>"Key")),"")} -> Burning Drive | Z2: {=IFERROR(_xlfn.UNIQUE(_xlfn._xlws.FILTER(Calc!$C$2:$C$375,(((Calc!$A$2:$A$375="heroic")*(Calc!$B$2:$B$375=$C$6))+((Calc!$A$2:$A$375="leyline")*(Calc!$B$2:$B$375=$C$7))+((Calc!$A$2:$A$375="leyline")*(Calc!$B$2:$B$375=$C$8))+((Calc!$A$2:$A$375="deity")*(Calc!$B$2:$B$375=$C$9)))*(Calc!$C$2:$C$375<>"Key"))),"")} -> Momentum
U3: Prized Acquisition | V3: Grasping Vines | W3: Reckless Advance | X3: Predator's Taxonomy | Y3: Reckless Advance | Z3: Conflagration
A4: STEP 1: CHARACTER INFO | N4: TALENT DETAIL LOOKUP | U4: Deep Study | V4: Territorial Instinct | W4: Volatile Strike | X4: Environmental Reading | Y4: Volatile Strike | Z4: Frenzy
B5: Name | F5: Level | G5: 11 | J5: Ancestry | K5: Human | N5: Talent Name: | U5: Inventive Design | V5: Thorn Field | W5: Escalating Fury | X5: Reckless Experiment | Y5: Escalating Fury | Z5: Territory
B6: Heroic Path | C6: Scholar | F6: Heroic Specialty | N6: Atlas: | O6: =IFERROR(INDEX(Calc!$A$2:$A$375,MATCH($O$5,Calc!$D$2:$D$375,0)),"") | U6: Fine Handiwork | V6: Verdant Resilience | W6: Shockwave Slam | X6: Trial and Error | Y6: Shockwave Slam | Z6: Restoration
B7: Leyline Path 1 | C7: Green | F7: Leyline Specialty 1 | N7: Path: | O7: =IFERROR(INDEX(Calc!$B$2:$B$375,MATCH($O$5,Calc!$D$2:$D$375,0)),"") | U7: Overcharge | V7: Territorial Claim | W7: Explosive Leap | X7: Passionate Breakthrough | Y7: Explosive Leap | Z7: Instinct
B8: Leyline Path 2 | C8: Red | F8: Leyline Specialty 2 | N8: Specialty: | O8: =IFERROR(INDEX(Calc!$C$2:$C$375,MATCH($O$5,Calc!$D$2:$D$375,0)),"") | U8: Experimental Tinkering | V8: Pack Sense | W8: Reckless Momentum | X8: Shared Revelation | Y8: Reckless Momentum | Z8: Knowledge
B9: Deity Path | C9: Knowledge | F9: Deity Domain | G9: =IF(C9="(None)","",C9) -> Knowledge | N9: Action: | O9: =IFERROR(INDEX(Calc!$E$2:$E$375,MATCH($O$5,Calc!$D$2:$D$375,0)),"") | U9: Overwhelm with Details | V9: Apex Predator | W9: Unstoppable | X9: The Eureka Moment | Y9: Unstoppable | Z9: Artifabrian
N10: Cost: | O10: =IFERROR(INDEX(Calc!$F$2:$F$375,MATCH($O$5,Calc!$D$2:$D$375,0)),"") | U10: Strategize | V10: Mender's Instinct | W10: Kindle | X10: Forbidden Knowledge | Y10: Kindle | Z10: Strategist
A11: PROGRESSION (auto-calculated) | N11: Prerequisites: | O11: =IFERROR(INDEX(Calc!$G$2:$G$375,MATCH($O$5,Calc!$D$2:$D$375,0)),"") | U11: Mind and Body | V11: Verdant Mend | W11: Searing Bolt | X11: #N/A | Y11: Searing Bolt | Z11: Surgeon
B12: Tier | C12: =INT(($G$5-1)/5)+1 -> 3 | D12: Max Skill Rank | E12: =INT(($G$5-1)/5)+2 -> 4 | F12: Attribute Points | G12: =12+SUMPRODUCT(({3,6,9,12,15,18}<=$G$5)*1) -> 15 | H12: Skill Ranks | I12: =5+($G$5-1)*2 -> 25 | J12: Talent Points | K12: =4+$G$5+SUMPRODUCT(({6,11,16}<=$G$5)*1) -> 17 | N12: Description: | O12: =IFERROR(INDEX(Calc!$H$2:$H$375,MATCH($O$5,Calc!$D$2:$D$375,0)),"") | U12: Composed | V12: Root and Branch | W12: Flame Surge | X12: #N/A | Y12: Flame Surge | Z12: #N/A
U13: Know Your Moment | V13: Natural Recovery | W13: Arc Flash | X13: #N/A | Y13: Arc Flash | Z13: #N/A
A14: STEP 2: DISTRIBUTE ATTRIBUTE POINTS | U14: Deep Contemplation | V14: Hardy | W14: Backblast | X14: #N/A | Y14: Backblast | Z14: #N/A
B15: Strength (STR) | D15: Speed (SPD) | F15: Intellect (INT) | H15: Willpower (WIL) | J15: Awareness (AWA) | L15: Presence (PRE) | U15: Keen Insight | V15: Collected | W15: Mighty | X15: #N/A | Y15: Mighty | Z15: #N/A
B16: 2 | D16: 2 | F16: 3 | H16: 1 | J16: 4 | L16: 2 | N16: Prereq Met? | O16: =IFERROR(INDEX(Calc!$I$2:$I$375,MATCH($O$5,Calc!$D$2:$D$375,0)),"") | U16: Contingency | V16: Reknit Form | W16: Afterburn | X16: #N/A | Y16: Afterburn | Z16: #N/A
B17: Points Spent | C17: =B16+D16+F16+H16+J16+L16 -> 14 | E17: Available | F17: =$G$12 -> 15 | H17: Remaining | I17: =F17-C17 -> 1 | U17: Turning Point | V17: Vital Surge | W17: Chain Detonation | X17: #N/A | Y17: Chain Detonation | Z17: #N/A
B18: Level 1 max: 3/attr. Spin buttons deferred to Claude Design. | N18: BROWSE BY PATH | U18: Field Medicine | V18: Predator's Instinct | W18: Incite | X18: #N/A | Y18: Incite | Z18: #N/A
N19: Filter Path: | O19: Scholar | U19: Emotional Intelligence | V19: Pack Hunter | W19: Emotional Overload | X19: #N/A | Y19: Emotional Overload | Z19: #N/A
A20: DERIVED STATS (auto-calculated) | N20: Talent Name | O20: Specialty | P20: Action | Q20: Cost | R20: Description | S20: Prereqs | U20: Anatomical Insight | V20: Scent the Weak | W20: Battle Fever | X20: #N/A | Y20: Battle Fever | Z20: #N/A
B21: Physical Def | D21: Cognitive Def | F21: Spiritual Def | H21: Health | J21: Focus | N21: =IFERROR(INDEX(_xlfn._xlws.FILTER(Calc!$D$2:$D$375,Calc!$B$2:$B$375=$O$19),1),"") -> Erudition | O21: =IFERROR(INDEX(_xlfn._xlws.FILTER(Calc!$C$2:$C$375,Calc!$B$2:$B$375=$O$19),1),"") -> Key | P21: =IFERROR(INDEX(_xlfn._xlws.FILTER(Calc!$E$2:$E$375,Calc!$B$2:$B$375=$O$19),1),"") -> ★ | Q21: =IFERROR(INDEX(_xlfn._xlws.FILTER(Calc!$F$2:$F$375,Calc!$B$2:$B$375=$O$19),1),"") -> 0 | R21: =IFERROR(INDEX(_xlfn._xlws.FILTER(Calc!$H$2:$H$375,Calc!$B$2:$B$375=$O$19),1),"") -> Temporarily gain a cultural or utility expertise and a rank in two non-invested cognitive skills. Reassign these after a long rest with library access. | S21: =IFERROR(INDEX(_xlfn._xlws.FILTER(Calc!$G$2:$G$375,Calc!$B$2:$B$375=$O$19),1),"") -> 0 | U21: Collected | V21: Pack Pressure | W21: Shatter Focus | X21: #N/A | Y21: Shatter Focus | Z21: #N/A
B22: =10+$B$16+$D$16 -> 14 | D22: =10+$F$16+$H$16 -> 14 | F22: =10+$J$16+$L$16 -> 16 | H22: =10+$B$16+($G$5-1)*5+IF($G$5>=6,$B$16-1,0)+IF($G$5>=11,$B$16-2,0)+IF($G$5>=16,$B$16-3,0) -> 63 | J22: =2+$H$16 -> 3 | N22: =IFERROR(INDEX(_xlfn._xlws.FILTER(Calc!$D$2:$D$375,Calc!$B$2:$B$375=$O$19),2),"") -> Efficient Engineer | O22: =IFERROR(INDEX(_xlfn._xlws.FILTER(Calc!$C$2:$C$375,Calc!$B$2:$B$375=$O$19),2),"") -> Artifabrian | P22: =IFERROR(INDEX(_xlfn._xlws.FILTER(Calc!$E$2:$E$375,Calc!$B$2:$B$375=$O$19),2),"") -> ∞ | Q22: =IFERROR(INDEX(_xlfn._xlws.FILTER(Calc!$F$2:$F$375,Calc!$B$2:$B$375=$O$19),2),"") -> 0 | R22: =IFERROR(INDEX(_xlfn._xlws.FILTER(Calc!$H$2:$H$375,Calc!$B$2:$B$375=$O$19),2),"") -> Gain expertise in Armor Crafting, Equipment Crafting, or Weapon Crafting, and gain a fabrial. When crafting, your Opportunity range expands by 2 and your material cost is halved. | S22: =IFERROR(INDEX(_xlfn._xlws.FILTER(Calc!$G$2:$G$375,Calc!$B$2:$B$375=$O$19),2),"") -> Crafting 1+ | U22: Swift Healer | V22: Primal Sight | W22: Reckless Gambit | X22: #N/A | Y22: Reckless Gambit | Z22: #N/A
B23: Investiture | D23: Movement | F23: Recovery Die | H23: Senses Range | J23: Deflect | N23: =IFERROR(INDEX(_xlfn._xlws.FILTER(Calc!$D$2:$D$375,Calc!$B$2:$B$375=$O$19),3),"") -> Prized Acquisition | O23: =IFERROR(INDEX(_xlfn._xlws.FILTER(Calc!$C$2:$C$375,Calc!$B$2:$B$375=$O$19),3),"") -> Artifabrian | P23: =IFERROR(INDEX(_xlfn._xlws.FILTER(Calc!$E$2:$E$375,Calc!$B$2:$B$375=$O$19),3),"") -> ★ | Q23: =IFERROR(INDEX(_xlfn._xlws.FILTER(Calc!$F$2:$F$375,Calc!$B$2:$B$375=$O$19),3),"") -> 0 | R23: =IFERROR(INDEX(_xlfn._xlws.FILTER(Calc!$H$2:$H$375,Calc!$B$2:$B$375=$O$19),3),"") -> Gain Fabrial Crafting expertise. Gain a ê gem you can immediately use to craft a fabrial of your tier. You can reuse this gem for new fabrials. | S23: =IFERROR(INDEX(_xlfn._xlws.FILTER(Calc!$G$2:$G$375,Calc!$B$2:$B$375=$O$19),3),"") -> 0 | U23: Applied Medicine | V23: Surefooted | W23: Contagious Fury | X23: #N/A | Y23: Contagious Fury | Z23: #N/A
B24: =2+MAX($J$16,$L$16) -> 6 | D24: =20+$D$16*5&" ft" -> 30 ft | F24: =INDEX(Reference!$B$51:$B$58,MATCH($H$16,Reference!$A$51:$A$58,1)) -> d4 | H24: =INDEX(Reference!$E$51:$E$57,MATCH($J$16,Reference!$D$51:$D$57,1)) -> 25 ft | J24: =$B$16 -> 2 | N24: =IFERROR(INDEX(_xlfn._xlws.FILTER(Calc!$D$2:$D$375,Calc!$B$2:$B$375=$O$19),4),"") -> Deep Study | O24: =IFERROR(INDEX(_xlfn._xlws.FILTER(Calc!$C$2:$C$375,Calc!$B$2:$B$375=$O$19),4),"") -> Artifabrian | P24: =IFERROR(INDEX(_xlfn._xlws.FILTER(Calc!$E$2:$E$375,Calc!$B$2:$B$375=$O$19),4),"") -> ∞ | Q24: =IFERROR(INDEX(_xlfn._xlws.FILTER(Calc!$F$2:$F$375,Calc!$B$2:$B$375=$O$19),4),"") -> 0 | R24: =IFERROR(INDEX(_xlfn._xlws.FILTER(Calc!$H$2:$H$375,Calc!$B$2:$B$375=$O$19),4),"") -> Erudition grants you an additional cultural or utility expertise and two additional non-invested cognitive skills. | S24: =IFERROR(INDEX(_xlfn._xlws.FILTER(Calc!$G$2:$G$375,Calc!$B$2:$B$375=$O$19),4),"") -> 0 | U24: Ongoing Care | V24: Packmate's Warning | W24: Frenzied Tempo | X24: #N/A | Y24: Frenzied Tempo | Z24: #N/A
N25: =IFERROR(INDEX(_xlfn._xlws.FILTER(Calc!$D$2:$D$375,Calc!$B$2:$B$375=$O$19),5),"") -> Inventive Design | O25: =IFERROR(INDEX(_xlfn._xlws.FILTER(Calc!$C$2:$C$375,Calc!$B$2:$B$375=$O$19),5),"") -> Artifabrian | P25: =IFERROR(INDEX(_xlfn._xlws.FILTER(Calc!$E$2:$E$375,Calc!$B$2:$B$375=$O$19),5),"") -> ∞ | Q25: =IFERROR(INDEX(_xlfn._xlws.FILTER(Calc!$F$2:$F$375,Calc!$B$2:$B$375=$O$19),5),"") -> 0 | R25: =IFERROR(INDEX(_xlfn._xlws.FILTER(Calc!$H$2:$H$375,Calc!$B$2:$B$375=$O$19),5),"") -> Your Prized Acquisition fabrial can have an effect 1 tier higher than the tier you're currently crafting. | S25: =IFERROR(INDEX(_xlfn._xlws.FILTER(Calc!$G$2:$G$375,Calc!$B$2:$B$375=$O$19),5),"") -> Prized Acquisition; Crafting 2+ | U25: Resuscitation | V25: Natural Order | W25: Tyrant's Crescendo | X25: #N/A | Y25: Tyrant's Crescendo | Z25: #N/A
A26: STEP 3: ASSIGN SKILL RANKS | N26: =IFERROR(INDEX(_xlfn._xlws.FILTER(Calc!$D$2:$D$375,Calc!$B$2:$B$375=$O$19),6),"") -> Fine Handiwork | O26: =IFERROR(INDEX(_xlfn._xlws.FILTER(Calc!$C$2:$C$375,Calc!$B$2:$B$375=$O$19),6),"") -> Artifabrian | P26: =IFERROR(INDEX(_xlfn._xlws.FILTER(Calc!$E$2:$E$375,Calc!$B$2:$B$375=$O$19),6),"") -> ★ | Q26: =IFERROR(INDEX(_xlfn._xlws.FILTER(Calc!$F$2:$F$375,Calc!$B$2:$B$375=$O$19),6),"") -> 0 | R26: =IFERROR(INDEX(_xlfn._xlws.FILTER(Calc!$H$2:$H$375,Calc!$B$2:$B$375=$O$19),6),"") -> When crafting, advanced features cost one upgrade instead of two. | S26: =IFERROR(INDEX(_xlfn._xlws.FILTER(Calc!$G$2:$G$375,Calc!$B$2:$B$375=$O$19),6),"") -> Efficient Engineer | U26: #N/A | V26: #N/A | W26: #N/A | X26: #N/A | Y26: Primal Awareness | Z26: #N/A
A27: PHYSICAL | E27: COGNITIVE | I27: SPIRITUAL | N27: =IFERROR(INDEX(_xlfn._xlws.FILTER(Calc!$D$2:$D$375,Calc!$B$2:$B$375=$O$19),7),"") -> Overcharge | O27: =IFERROR(INDEX(_xlfn._xlws.FILTER(Calc!$C$2:$C$375,Calc!$B$2:$B$375=$O$19),7),"") -> Artifabrian | P27: =IFERROR(INDEX(_xlfn._xlws.FILTER(Calc!$E$2:$E$375,Calc!$B$2:$B$375=$O$19),7),"") -> ★ | Q27: =IFERROR(INDEX(_xlfn._xlws.FILTER(Calc!$F$2:$F$375,Calc!$B$2:$B$375=$O$19),7),"") -> 0 | R27: =IFERROR(INDEX(_xlfn._xlws.FILTER(Calc!$H$2:$H$375,Calc!$B$2:$B$375=$O$19),7),"") -> Once per turn, you can raise the stakes on a fabrial attack, then spend Opportunity to Strike with that fabrial as a Free Action. | S27: =IFERROR(INDEX(_xlfn._xlws.FILTER(Calc!$G$2:$G$375,Calc!$B$2:$B$375=$O$19),7),"") -> Prized Acquisition; Crafting 3+ | U27: #N/A | V27: #N/A | W27: #N/A | X27: #N/A | Y27: Grasping Vines | Z27: #N/A
A28: Skill | B28: Rank | C28: Mod | D28: Max | E28: Skill | F28: Rank | G28: Mod | H28: Max | I28: Skill | J28: Rank | K28: Mod | L28: Max | N28: =IFERROR(INDEX(_xlfn._xlws.FILTER(Calc!$D$2:$D$375,Calc!$B$2:$B$375=$O$19),8),"") -> Experimental Tinkering | O28: =IFERROR(INDEX(_xlfn._xlws.FILTER(Calc!$C$2:$C$375,Calc!$B$2:$B$375=$O$19),8),"") -> Artifabrian | P28: =IFERROR(INDEX(_xlfn._xlws.FILTER(Calc!$E$2:$E$375,Calc!$B$2:$B$375=$O$19),8),"") -> ★ | Q28: =IFERROR(INDEX(_xlfn._xlws.FILTER(Calc!$F$2:$F$375,Calc!$B$2:$B$375=$O$19),8),"") -> 0 | R28: =IFERROR(INDEX(_xlfn._xlws.FILTER(Calc!$H$2:$H$375,Calc!$B$2:$B$375=$O$19),8),"") -> When crafting, your Opportunity range expands by 1 and your crafting time is halved. During a long rest, you can reconfigure your Prized Acquisition fabrial to a different fabrial. | S28: =IFERROR(INDEX(_xlfn._xlws.FILTER(Calc!$G$2:$G$375,Calc!$B$2:$B$375=$O$19),8),"") -> Fine Handiwork | U28: #N/A | V28: #N/A | W28: #N/A | X28: #N/A | Y28: Territorial Instinct | Z28: #N/A
A29: Agility (SPD) | B29: 0 | C29: =$D$16+B29 -> 2 | D29: =$E$12 -> 4 | E29: Crafting (INT) | F29: 0 | G29: =$F$16+F29 -> 3 | H29: =$E$12 -> 4 | I29: Deception (PRE) | J29: 0 | K29: =$L$16+J29 -> 2 | L29: =$E$12 -> 4 | N29: =IFERROR(INDEX(_xlfn._xlws.FILTER(Calc!$D$2:$D$375,Calc!$B$2:$B$375=$O$19),9),"") -> Overwhelm with Details | O29: =IFERROR(INDEX(_xlfn._xlws.FILTER(Calc!$C$2:$C$375,Calc!$B$2:$B$375=$O$19),9),"") -> Artifabrian | P29: =IFERROR(INDEX(_xlfn._xlws.FILTER(Calc!$E$2:$E$375,Calc!$B$2:$B$375=$O$19),9),"") -> ★ | Q29: =IFERROR(INDEX(_xlfn._xlws.FILTER(Calc!$F$2:$F$375,Calc!$B$2:$B$375=$O$19),9),"") -> 2 Focus | R29: =IFERROR(INDEX(_xlfn._xlws.FILTER(Calc!$H$2:$H$375,Calc!$B$2:$B$375=$O$19),9),"") -> Spend 2 focus to use your Lore modifier on another cognitive or spiritual test. | S29: =IFERROR(INDEX(_xlfn._xlws.FILTER(Calc!$G$2:$G$375,Calc!$B$2:$B$375=$O$19),9),"") -> Experimental Tinkering; Lore 3+ | U29: #N/A | V29: #N/A | W29: #N/A | X29: #N/A | Y29: Thorn Field | Z29: #N/A
A30: Athletics (STR) | B30: 0 | C30: =$B$16+B30 -> 2 | D30: =$E$12 -> 4 | E30: Deduction (INT) | F30: 3 | G30: =$F$16+F30 -> 6 | H30: =$E$12 -> 4 | I30: Insight (AWA) | J30: 3 | K30: =$J$16+J30 -> 7 | L30: =$E$12 -> 4 | N30: =IFERROR(INDEX(_xlfn._xlws.FILTER(Calc!$D$2:$D$375,Calc!$B$2:$B$375=$O$19),10),"") -> Strategize | O30: =IFERROR(INDEX(_xlfn._xlws.FILTER(Calc!$C$2:$C$375,Calc!$B$2:$B$375=$O$19),10),"") -> Strategist | P30: =IFERROR(INDEX(_xlfn._xlws.FILTER(Calc!$E$2:$E$375,Calc!$B$2:$B$375=$O$19),10),"") -> ★ | Q30: =IFERROR(INDEX(_xlfn._xlws.FILTER(Calc!$F$2:$F$375,Calc!$B$2:$B$375=$O$19),10),"") -> 2 Focus | R30: =IFERROR(INDEX(_xlfn._xlws.FILTER(Calc!$H$2:$H$375,Calc!$B$2:$B$375=$O$19),10),"") -> After you Gain Advantage using an Erudition skill, grant that advantage to an ally instead. You can spend 2 focus to also prevent the target from using reactions against that ally. | S30: =IFERROR(INDEX(_xlfn._xlws.FILTER(Calc!$G$2:$G$375,Calc!$B$2:$B$375=$O$19),10),"") -> Deduction 1+ | U30: #N/A | V30: #N/A | W30: #N/A | X30: #N/A | Y30: Verdant Resilience | Z30: #N/A
A31: Heavy Weaponry (STR) | B31: 0 | C31: =$B$16+B31 -> 2 | D31: =$E$12 -> 4 | E31: Discipline (WIL) | F31: 0 | G31: =$H$16+F31 -> 1 | H31: =$E$12 -> 4 | I31: Leadership (PRE) | J31: 0 | K31: =$L$16+J31 -> 2 | L31: =$E$12 -> 4 | N31: =IFERROR(INDEX(_xlfn._xlws.FILTER(Calc!$D$2:$D$375,Calc!$B$2:$B$375=$O$19),11),"") -> Mind and Body | O31: =IFERROR(INDEX(_xlfn._xlws.FILTER(Calc!$C$2:$C$375,Calc!$B$2:$B$375=$O$19),11),"") -> Strategist | P31: =IFERROR(INDEX(_xlfn._xlws.FILTER(Calc!$E$2:$E$375,Calc!$B$2:$B$375=$O$19),11),"") -> ∞ | Q31: =IFERROR(INDEX(_xlfn._xlws.FILTER(Calc!$F$2:$F$375,Calc!$B$2:$B$375=$O$19),11),"") -> 0 | R31: =IFERROR(INDEX(_xlfn._xlws.FILTER(Calc!$H$2:$H$375,Calc!$B$2:$B$375=$O$19),11),"") -> Gain a weapon expertise. Gain an additional skill from Erudition. You can now choose physical skills with Erudition. | S31: =IFERROR(INDEX(_xlfn._xlws.FILTER(Calc!$G$2:$G$375,Calc!$B$2:$B$375=$O$19),11),"") -> 0 | U31: #N/A | V31: #N/A | W31: #N/A | X31: #N/A | Y31: Territorial Claim
A32: Light Weaponry (SPD) | B32: 2 | C32: =$D$16+B32 -> 4 | D32: =$E$12 -> 4 | E32: Intimidation (WIL) | F32: 0 | G32: =$H$16+F32 -> 1 | H32: =$E$12 -> 4 | I32: Perception (AWA) | J32: 0 | K32: =$J$16+J32 -> 4 | L32: =$E$12 -> 4 | N32: =IFERROR(INDEX(_xlfn._xlws.FILTER(Calc!$D$2:$D$375,Calc!$B$2:$B$375=$O$19),12),"") -> Composed | O32: =IFERROR(INDEX(_xlfn._xlws.FILTER(Calc!$C$2:$C$375,Calc!$B$2:$B$375=$O$19),12),"") -> Strategist | P32: =IFERROR(INDEX(_xlfn._xlws.FILTER(Calc!$E$2:$E$375,Calc!$B$2:$B$375=$O$19),12),"") -> ∞ | Q32: =IFERROR(INDEX(_xlfn._xlws.FILTER(Calc!$F$2:$F$375,Calc!$B$2:$B$375=$O$19),12),"") -> 0 | R32: =IFERROR(INDEX(_xlfn._xlws.FILTER(Calc!$H$2:$H$375,Calc!$B$2:$B$375=$O$19),12),"") -> Increase your max and current focus by your tier. | S32: =IFERROR(INDEX(_xlfn._xlws.FILTER(Calc!$G$2:$G$375,Calc!$B$2:$B$375=$O$19),12),"") -> Strategize | U32: #N/A | V32: #N/A | W32: #N/A | X32: #N/A | Y32: Pack Sense
A33: Stealth (SPD) | B33: 0 | C33: =$D$16+B33 -> 2 | D33: =$E$12 -> 4 | E33: Lore (INT) | F33: 3 | G33: =$F$16+F33 -> 6 | H33: =$E$12 -> 4 | I33: Persuasion (PRE) | J33: 0 | K33: =$L$16+J33 -> 2 | L33: =$E$12 -> 4 | N33: =IFERROR(INDEX(_xlfn._xlws.FILTER(Calc!$D$2:$D$375,Calc!$B$2:$B$375=$O$19),13),"") -> Know Your Moment | O33: =IFERROR(INDEX(_xlfn._xlws.FILTER(Calc!$C$2:$C$375,Calc!$B$2:$B$375=$O$19),13),"") -> Strategist | P33: =IFERROR(INDEX(_xlfn._xlws.FILTER(Calc!$E$2:$E$375,Calc!$B$2:$B$375=$O$19),13),"") -> ∞ | Q33: =IFERROR(INDEX(_xlfn._xlws.FILTER(Calc!$F$2:$F$375,Calc!$B$2:$B$375=$O$19),13),"") -> 0 | R33: =IFERROR(INDEX(_xlfn._xlws.FILTER(Calc!$H$2:$H$375,Calc!$B$2:$B$375=$O$19),13),"") -> Your defenses increase by 2 from the start of each round until you take your turn. | S33: =IFERROR(INDEX(_xlfn._xlws.FILTER(Calc!$G$2:$G$375,Calc!$B$2:$B$375=$O$19),13),"") -> Mind and Body; Deduction 2+ | U33: #N/A | V33: #N/A | W33: #N/A | X33: #N/A | Y33: Apex Predator
A34: Thievery (SPD) | B34: 0 | C34: =$D$16+B34 -> 2 | D34: =$E$12 -> 4 | E34: Medicine (INT) | F34: 0 | G34: =$F$16+F34 -> 3 | H34: =$E$12 -> 4 | I34: Survival (AWA) | J34: 1 | K34: =$J$16+J34 -> 5 | L34: =$E$12 -> 4 | N34: =IFERROR(INDEX(_xlfn._xlws.FILTER(Calc!$D$2:$D$375,Calc!$B$2:$B$375=$O$19),14),"") -> Deep Contemplation | O34: =IFERROR(INDEX(_xlfn._xlws.FILTER(Calc!$C$2:$C$375,Calc!$B$2:$B$375=$O$19),14),"") -> Strategist | P34: =IFERROR(INDEX(_xlfn._xlws.FILTER(Calc!$E$2:$E$375,Calc!$B$2:$B$375=$O$19),14),"") -> ▶▶ | Q34: =IFERROR(INDEX(_xlfn._xlws.FILTER(Calc!$F$2:$F$375,Calc!$B$2:$B$375=$O$19),14),"") -> 0 | R34: =IFERROR(INDEX(_xlfn._xlws.FILTER(Calc!$H$2:$H$375,Calc!$B$2:$B$375=$O$19),14),"") -> Reassign up to 2 skills and expertises from Erudition | S34: =IFERROR(INDEX(_xlfn._xlws.FILTER(Calc!$G$2:$G$375,Calc!$B$2:$B$375=$O$19),14),"") -> Composed; Lore 2+ | U34: #N/A | V34: #N/A | W34: #N/A | X34: #N/A | Y34: Mender's Instinct
A35: =IF(OR($C$7="",$C$7="(None)"),"—",$C$7&" ("&IFERROR(INDEX({"STR","SPD","INT","WIL","AWA","PRE"},VLOOKUP($C$7,Reference!$E$29:$F$43,2,FALSE)),"")&")") -> Green (AWA) | B35: 2 | C35: =IFERROR(INDEX($B$16:$L$16,1,VLOOKUP($C$7,Reference!$E$29:$F$43,2,FALSE)*2-1)+B35,"") -> 6 | D35: =$E$12 -> 4 | E35: =IF(OR($C$8="",$C$8="(None)"),"—",$C$8&" ("&IFERROR(INDEX({"STR","SPD","INT","WIL","AWA","PRE"},VLOOKUP($C$8,Reference!$E$29:$F$43,2,FALSE)),"")&")") -> Red (STR) | F35: 2 | G35: =IFERROR(INDEX($B$16:$L$16,1,VLOOKUP($C$8,Reference!$E$29:$F$43,2,FALSE)*2-1)+F35,"") -> 4 | H35: =$E$12 -> 4 | I35: =IF(OR($C$9="",$C$9="(None)"),"—",$C$9&" ("&IFERROR(INDEX({"STR","SPD","INT","WIL","AWA","PRE"},VLOOKUP($C$9,Reference!$E$29:$F$43,2,FALSE)),"")&")") -> Knowledge (AWA) | J35: 1 | K35: =IFERROR(INDEX($B$16:$L$16,1,VLOOKUP($C$9,Reference!$E$29:$F$43,2,FALSE)*2-1)+J35,"") -> 5 | L35: =$E$12 -> 4 | N35: =IFERROR(INDEX(_xlfn._xlws.FILTER(Calc!$D$2:$D$375,Calc!$B$2:$B$375=$O$19),15),"") -> Keen Insight | O35: =IFERROR(INDEX(_xlfn._xlws.FILTER(Calc!$C$2:$C$375,Calc!$B$2:$B$375=$O$19),15),"") -> Strategist | P35: =IFERROR(INDEX(_xlfn._xlws.FILTER(Calc!$E$2:$E$375,Calc!$B$2:$B$375=$O$19),15),"") -> ∞ | Q35: =IFERROR(INDEX(_xlfn._xlws.FILTER(Calc!$F$2:$F$375,Calc!$B$2:$B$375=$O$19),15),"") -> 0 | R35: =IFERROR(INDEX(_xlfn._xlws.FILTER(Calc!$H$2:$H$375,Calc!$B$2:$B$375=$O$19),15),"") -> After you Gain Advantage, the target must resist your influence or gain a disadvantage on their next test. | S35: =IFERROR(INDEX(_xlfn._xlws.FILTER(Calc!$G$2:$G$375,Calc!$B$2:$B$375=$O$19),15),"") -> Deep Contemplation | U35: #N/A | V35: #N/A | W35: #N/A | X35: #N/A | Y35: Verdant Mend
N36: =IFERROR(INDEX(_xlfn._xlws.FILTER(Calc!$D$2:$D$375,Calc!$B$2:$B$375=$O$19),16),"") -> Contingency | O36: =IFERROR(INDEX(_xlfn._xlws.FILTER(Calc!$C$2:$C$375,Calc!$B$2:$B$375=$O$19),16),"") -> Strategist | P36: =IFERROR(INDEX(_xlfn._xlws.FILTER(Calc!$E$2:$E$375,Calc!$B$2:$B$375=$O$19),16),"") -> ⟲ | Q36: =IFERROR(INDEX(_xlfn._xlws.FILTER(Calc!$F$2:$F$375,Calc!$B$2:$B$375=$O$19),16),"") -> 2 Focus | R36: =IFERROR(INDEX(_xlfn._xlws.FILTER(Calc!$H$2:$H$375,Calc!$B$2:$B$375=$O$19),16),"") -> Spend 2 focus to remove Complication from the test of an ally within 20 ft. | S36: =IFERROR(INDEX(_xlfn._xlws.FILTER(Calc!$G$2:$G$375,Calc!$B$2:$B$375=$O$19),16),"") -> Composed; Lore 3+ | U36: #N/A | V36: #N/A | W36: #N/A | X36: #N/A | Y36: Root and Branch
A37: Ranks Spent | B37: =B29+B30+B31+B32+B33+B34+F29+F30+F31+F32+F33+F34+J29+J30+J31+J32+J33+J34+B35+F35+J35 -> 17 | D37: Available | E37: =$I$12 -> 25 | G37: Remaining | H37: =E37-B37 -> 8 | N37: =IFERROR(INDEX(_xlfn._xlws.FILTER(Calc!$D$2:$D$375,Calc!$B$2:$B$375=$O$19),17),"") -> Turning Point | O37: =IFERROR(INDEX(_xlfn._xlws.FILTER(Calc!$C$2:$C$375,Calc!$B$2:$B$375=$O$19),17),"") -> Strategist | P37: =IFERROR(INDEX(_xlfn._xlws.FILTER(Calc!$E$2:$E$375,Calc!$B$2:$B$375=$O$19),17),"") -> ▶▶ | Q37: =IFERROR(INDEX(_xlfn._xlws.FILTER(Calc!$F$2:$F$375,Calc!$B$2:$B$375=$O$19),17),"") -> 2 Focus | R37: =IFERROR(INDEX(_xlfn._xlws.FILTER(Calc!$H$2:$H$375,Calc!$B$2:$B$375=$O$19),17),"") -> Spend 2 focus to test Deduction vs. Cognitive of the enemy leader, gaining an advantage if you took a slow turn. On a success, you and your allies gain an Action on your next turns. | S37: =IFERROR(INDEX(_xlfn._xlws.FILTER(Calc!$G$2:$G$375,Calc!$B$2:$B$375=$O$19),17),"") -> Contingency; Deduction 3+ | U37: #N/A | V37: #N/A | W37: #N/A | X37: #N/A | Y37: Natural Recovery
N38: =IFERROR(INDEX(_xlfn._xlws.FILTER(Calc!$D$2:$D$375,Calc!$B$2:$B$375=$O$19),18),"") -> Field Medicine | O38: =IFERROR(INDEX(_xlfn._xlws.FILTER(Calc!$C$2:$C$375,Calc!$B$2:$B$375=$O$19),18),"") -> Surgeon | P38: =IFERROR(INDEX(_xlfn._xlws.FILTER(Calc!$E$2:$E$375,Calc!$B$2:$B$375=$O$19),18),"") -> ▶ | Q38: =IFERROR(INDEX(_xlfn._xlws.FILTER(Calc!$F$2:$F$375,Calc!$B$2:$B$375=$O$19),18),"") -> 1 Focus | R38: =IFERROR(INDEX(_xlfn._xlws.FILTER(Calc!$H$2:$H$375,Calc!$B$2:$B$375=$O$19),18),"") -> Spend 1 focus and test Medicine (DC 15) to heal a concious character. On success, add your ranks in Medicine to their recovery die. | S38: =IFERROR(INDEX(_xlfn._xlws.FILTER(Calc!$G$2:$G$375,Calc!$B$2:$B$375=$O$19),18),"") -> Medicine 1+ | U38: #N/A | V38: #N/A | W38: #N/A | X38: #N/A | Y38: Hardy
A39: STEP 4: SELECT TALENTS | N39: =IFERROR(INDEX(_xlfn._xlws.FILTER(Calc!$D$2:$D$375,Calc!$B$2:$B$375=$O$19),19),"") -> Emotional Intelligence | O39: =IFERROR(INDEX(_xlfn._xlws.FILTER(Calc!$C$2:$C$375,Calc!$B$2:$B$375=$O$19),19),"") -> Surgeon | P39: =IFERROR(INDEX(_xlfn._xlws.FILTER(Calc!$E$2:$E$375,Calc!$B$2:$B$375=$O$19),19),"") -> ∞ | Q39: =IFERROR(INDEX(_xlfn._xlws.FILTER(Calc!$F$2:$F$375,Calc!$B$2:$B$375=$O$19),19),"") -> 0 | R39: =IFERROR(INDEX(_xlfn._xlws.FILTER(Calc!$H$2:$H$375,Calc!$B$2:$B$375=$O$19),19),"") -> Gain Diagnosis expertise. Gain an additional skill from Erudtition. You can now choose Spiritual skills with Erudition. | S39: =IFERROR(INDEX(_xlfn._xlws.FILTER(Calc!$G$2:$G$375,Calc!$B$2:$B$375=$O$19),19),"") -> 0 | U39: #N/A | V39: #N/A | W39: #N/A | X39: #N/A | Y39: Collected
B40: Total Talent Points | D40: =$K$12 -> 17 | N40: =IFERROR(INDEX(_xlfn._xlws.FILTER(Calc!$D$2:$D$375,Calc!$B$2:$B$375=$O$19),20),"") -> Anatomical Insight | O40: =IFERROR(INDEX(_xlfn._xlws.FILTER(Calc!$C$2:$C$375,Calc!$B$2:$B$375=$O$19),20),"") -> Surgeon | P40: =IFERROR(INDEX(_xlfn._xlws.FILTER(Calc!$E$2:$E$375,Calc!$B$2:$B$375=$O$19),20),"") -> ★ | Q40: =IFERROR(INDEX(_xlfn._xlws.FILTER(Calc!$F$2:$F$375,Calc!$B$2:$B$375=$O$19),20),"") -> 1 Focus or Opportunity | R40: =IFERROR(INDEX(_xlfn._xlws.FILTER(Calc!$H$2:$H$375,Calc!$B$2:$B$375=$O$19),20),"") -> When you hit with an unarmed attack, spend 1 focus or Opportunity to make the target Exhausted [ - half your ranks in Medicine]. | S40: =IFERROR(INDEX(_xlfn._xlws.FILTER(Calc!$G$2:$G$375,Calc!$B$2:$B$375=$O$19),20),"") -> Field Medicine | U40: #N/A | V40: #N/A | W40: #N/A | X40: #N/A | Y40: Reknit Form
A41: ANCESTRY TALENT | E41: One bonus talent (any path) | N41: =IFERROR(INDEX(_xlfn._xlws.FILTER(Calc!$D$2:$D$375,Calc!$B$2:$B$375=$O$19),21),"") -> Collected | O41: =IFERROR(INDEX(_xlfn._xlws.FILTER(Calc!$C$2:$C$375,Calc!$B$2:$B$375=$O$19),21),"") -> Surgeon | P41: =IFERROR(INDEX(_xlfn._xlws.FILTER(Calc!$E$2:$E$375,Calc!$B$2:$B$375=$O$19),21),"") -> ∞ | Q41: =IFERROR(INDEX(_xlfn._xlws.FILTER(Calc!$F$2:$F$375,Calc!$B$2:$B$375=$O$19),21),"") -> 0 | R41: =IFERROR(INDEX(_xlfn._xlws.FILTER(Calc!$H$2:$H$375,Calc!$B$2:$B$375=$O$19),21),"") -> Increase your Cognitive and Spiritual defenses by 2. | S41: =IFERROR(INDEX(_xlfn._xlws.FILTER(Calc!$G$2:$G$375,Calc!$B$2:$B$375=$O$19),21),"") -> Emotional Intelligence | U41: #N/A | V41: #N/A | W41: #N/A | X41: #N/A | Y41: Vital Surge
B42: Name: | C42: Scent the Weak | F42: Desc: | G42: =IFERROR(INDEX(Calc!$H$2:$H$375,MATCH($C$42,Calc!$D$2:$D$375,0)),"") -> You know which creature within Attunement Range has the lowest HP. Your first test against it each round gains Advantage. | N42: =IFERROR(INDEX(_xlfn._xlws.FILTER(Calc!$D$2:$D$375,Calc!$B$2:$B$375=$O$19),22),"") -> Swift Healer | O42: =IFERROR(INDEX(_xlfn._xlws.FILTER(Calc!$C$2:$C$375,Calc!$B$2:$B$375=$O$19),22),"") -> Surgeon | P42: =IFERROR(INDEX(_xlfn._xlws.FILTER(Calc!$E$2:$E$375,Calc!$B$2:$B$375=$O$19),22),"") -> ◇ | Q42: =IFERROR(INDEX(_xlfn._xlws.FILTER(Calc!$F$2:$F$375,Calc!$B$2:$B$375=$O$19),22),"") -> 0 | R42: =IFERROR(INDEX(_xlfn._xlws.FILTER(Calc!$H$2:$H$375,Calc!$B$2:$B$375=$O$19),22),"") -> Use Field Medicine as a w. Your healing abilities restore additional health equal to your ranks in Medicine. | S42: =IFERROR(INDEX(_xlfn._xlws.FILTER(Calc!$G$2:$G$375,Calc!$B$2:$B$375=$O$19),22),"") -> Field Medicine; Medicine 2+ | U42: #N/A | V42: #N/A | W42: #N/A | X42: #N/A | Y42: Predator's Instinct
A43: HEROIC PATH — KEY | E43: Auto-filled from Heroic Path | N43: =IFERROR(INDEX(_xlfn._xlws.FILTER(Calc!$D$2:$D$375,Calc!$B$2:$B$375=$O$19),23),"") -> Applied Medicine | O43: =IFERROR(INDEX(_xlfn._xlws.FILTER(Calc!$C$2:$C$375,Calc!$B$2:$B$375=$O$19),23),"") -> Surgeon | P43: =IFERROR(INDEX(_xlfn._xlws.FILTER(Calc!$E$2:$E$375,Calc!$B$2:$B$375=$O$19),23),"") -> ∞ | Q43: =IFERROR(INDEX(_xlfn._xlws.FILTER(Calc!$F$2:$F$375,Calc!$B$2:$B$375=$O$19),23),"") -> 0 | R43: =IFERROR(INDEX(_xlfn._xlws.FILTER(Calc!$H$2:$H$375,Calc!$B$2:$B$375=$O$19),23),"") -> Your healing abilities restore additional health equal to your ranks in Lore. | S43: =IFERROR(INDEX(_xlfn._xlws.FILTER(Calc!$G$2:$G$375,Calc!$B$2:$B$375=$O$19),23),"") -> Collected; Lore 2+ | U43: #N/A | V43: #N/A | W43: #N/A | X43: #N/A | Y43: Pack Hunter
B44: Name: | C44: =IFERROR(INDEX(_xlfn._xlws.FILTER(Calc!$D$2:$D$375,(Calc!$A$2:$A$375="heroic")*(Calc!$B$2:$B$375=$C$6)*(Calc!$C$2:$C$375="Key")),1),"") -> Erudition | F44: Desc: | G44: =IFERROR(INDEX(_xlfn._xlws.FILTER(Calc!$H$2:$H$375,(Calc!$A$2:$A$375="heroic")*(Calc!$B$2:$B$375=$C$6)*(Calc!$C$2:$C$375="Key")),1),"") -> Temporarily gain a cultural or utility expertise and a rank in two non-invested cognitive skills. Reassign these after a long rest with library access. | N44: =IFERROR(INDEX(_xlfn._xlws.FILTER(Calc!$D$2:$D$375,Calc!$B$2:$B$375=$O$19),24),"") -> Ongoing Care | O44: =IFERROR(INDEX(_xlfn._xlws.FILTER(Calc!$C$2:$C$375,Calc!$B$2:$B$375=$O$19),24),"") -> Surgeon | P44: =IFERROR(INDEX(_xlfn._xlws.FILTER(Calc!$E$2:$E$375,Calc!$B$2:$B$375=$O$19),24),"") -> ★ | Q44: =IFERROR(INDEX(_xlfn._xlws.FILTER(Calc!$F$2:$F$375,Calc!$B$2:$B$375=$O$19),24),"") -> 0 | R44: =IFERROR(INDEX(_xlfn._xlws.FILTER(Calc!$H$2:$H$375,Calc!$B$2:$B$375=$O$19),24),"") -> Gain Mental Health Care expertise. During a rest, test Medicine (DC 10) to treat an ally, removing one condition caused by their injury. | S44: =IFERROR(INDEX(_xlfn._xlws.FILTER(Calc!$G$2:$G$375,Calc!$B$2:$B$375=$O$19),24),"") -> Swift Healer; Lore 3+ | U44: #N/A | V44: #N/A | W44: #N/A | X44: #N/A | Y44: Scent the Weak
A45: HEROIC PATH — ADDITIONAL | E45: Choose from Heroic Path talents | N45: =IFERROR(INDEX(_xlfn._xlws.FILTER(Calc!$D$2:$D$375,Calc!$B$2:$B$375=$O$19),25),"") -> Resuscitation | O45: =IFERROR(INDEX(_xlfn._xlws.FILTER(Calc!$C$2:$C$375,Calc!$B$2:$B$375=$O$19),25),"") -> Surgeon | P45: =IFERROR(INDEX(_xlfn._xlws.FILTER(Calc!$E$2:$E$375,Calc!$B$2:$B$375=$O$19),25),"") -> ★ | Q45: =IFERROR(INDEX(_xlfn._xlws.FILTER(Calc!$F$2:$F$375,Calc!$B$2:$B$375=$O$19),25),"") -> 3 Focus | R45: =IFERROR(INDEX(_xlfn._xlws.FILTER(Calc!$H$2:$H$375,Calc!$B$2:$B$375=$O$19),25),"") -> Spend 3 focus when using Field Medicine to revive an Unconcious character or one who died recently. | S45: =IFERROR(INDEX(_xlfn._xlws.FILTER(Calc!$G$2:$G$375,Calc!$B$2:$B$375=$O$19),25),"") -> Swift Healer; Medicine 3+ | U45: #N/A | V45: #N/A | W45: #N/A | X45: #N/A | Y45: Pack Pressure
B46: Name: | C46: Strategize | F46: Desc: | G46: =IFERROR(INDEX(Calc!$H$2:$H$375,MATCH($C$46,Calc!$D$2:$D$375,0)),"") -> After you Gain Advantage using an Erudition skill, grant that advantage to an ally instead. You can spend 2 focus to also prevent the target from using reactions against that ally. | N46: =IFERROR(INDEX(_xlfn._xlws.FILTER(Calc!$D$2:$D$375,Calc!$B$2:$B$375=$O$19),26),"") | O46: =IFERROR(INDEX(_xlfn._xlws.FILTER(Calc!$C$2:$C$375,Calc!$B$2:$B$375=$O$19),26),"") | P46: =IFERROR(INDEX(_xlfn._xlws.FILTER(Calc!$E$2:$E$375,Calc!$B$2:$B$375=$O$19),26),"") | Q46: =IFERROR(INDEX(_xlfn._xlws.FILTER(Calc!$F$2:$F$375,Calc!$B$2:$B$375=$O$19),26),"") | R46: =IFERROR(INDEX(_xlfn._xlws.FILTER(Calc!$H$2:$H$375,Calc!$B$2:$B$375=$O$19),26),"") | S46: =IFERROR(INDEX(_xlfn._xlws.FILTER(Calc!$G$2:$G$375,Calc!$B$2:$B$375=$O$19),26),"") | U46: #N/A | V46: #N/A | W46: #N/A | X46: #N/A | Y46: Primal Sight
A47: LEYLINE PATH — KEY | E47: Auto-filled from Leyline Path 1 | N47: =IFERROR(INDEX(_xlfn._xlws.FILTER(Calc!$D$2:$D$375,Calc!$B$2:$B$375=$O$19),27),"") | O47: =IFERROR(INDEX(_xlfn._xlws.FILTER(Calc!$C$2:$C$375,Calc!$B$2:$B$375=$O$19),27),"") | P47: =IFERROR(INDEX(_xlfn._xlws.FILTER(Calc!$E$2:$E$375,Calc!$B$2:$B$375=$O$19),27),"") | Q47: =IFERROR(INDEX(_xlfn._xlws.FILTER(Calc!$F$2:$F$375,Calc!$B$2:$B$375=$O$19),27),"") | R47: =IFERROR(INDEX(_xlfn._xlws.FILTER(Calc!$H$2:$H$375,Calc!$B$2:$B$375=$O$19),27),"") | S47: =IFERROR(INDEX(_xlfn._xlws.FILTER(Calc!$G$2:$G$375,Calc!$B$2:$B$375=$O$19),27),"") | U47: #N/A | V47: #N/A | W47: #N/A | X47: #N/A | Y47: Surefooted
B48: Name: | C48: =IFERROR(INDEX(_xlfn._xlws.FILTER(Calc!$D$2:$D$375,(Calc!$A$2:$A$375="leyline")*(Calc!$B$2:$B$375=$C$7)*(Calc!$C$2:$C$375="Key")),1),"") -> Green Leyline Attunement | F48: Desc: | G48: =IFERROR(INDEX(_xlfn._xlws.FILTER(Calc!$H$2:$H$375,(Calc!$A$2:$A$375="leyline")*(Calc!$B$2:$B$375=$C$7)*(Calc!$C$2:$C$375="Key")),1),"") -> When you Draw Mana, create difficult terrain within [Size] of a point in Attunement Range. | N48: =IFERROR(INDEX(_xlfn._xlws.FILTER(Calc!$D$2:$D$375,Calc!$B$2:$B$375=$O$19),28),"") | O48: =IFERROR(INDEX(_xlfn._xlws.FILTER(Calc!$C$2:$C$375,Calc!$B$2:$B$375=$O$19),28),"") | P48: =IFERROR(INDEX(_xlfn._xlws.FILTER(Calc!$E$2:$E$375,Calc!$B$2:$B$375=$O$19),28),"") | Q48: =IFERROR(INDEX(_xlfn._xlws.FILTER(Calc!$F$2:$F$375,Calc!$B$2:$B$375=$O$19),28),"") | R48: =IFERROR(INDEX(_xlfn._xlws.FILTER(Calc!$H$2:$H$375,Calc!$B$2:$B$375=$O$19),28),"") | S48: =IFERROR(INDEX(_xlfn._xlws.FILTER(Calc!$G$2:$G$375,Calc!$B$2:$B$375=$O$19),28),"") | U48: #N/A | V48: #N/A | W48: #N/A | X48: #N/A | Y48: Packmate's Warning
A49: LEYLINE PATH — ADDITIONAL | E49: Choose from Leyline Path talents | N49: =IFERROR(INDEX(_xlfn._xlws.FILTER(Calc!$D$2:$D$375,Calc!$B$2:$B$375=$O$19),29),"") | O49: =IFERROR(INDEX(_xlfn._xlws.FILTER(Calc!$C$2:$C$375,Calc!$B$2:$B$375=$O$19),29),"") | P49: =IFERROR(INDEX(_xlfn._xlws.FILTER(Calc!$E$2:$E$375,Calc!$B$2:$B$375=$O$19),29),"") | Q49: =IFERROR(INDEX(_xlfn._xlws.FILTER(Calc!$F$2:$F$375,Calc!$B$2:$B$375=$O$19),29),"") | R49: =IFERROR(INDEX(_xlfn._xlws.FILTER(Calc!$H$2:$H$375,Calc!$B$2:$B$375=$O$19),29),"") | S49: =IFERROR(INDEX(_xlfn._xlws.FILTER(Calc!$G$2:$G$375,Calc!$B$2:$B$375=$O$19),29),"") | U49: #N/A | V49: #N/A | W49: #N/A | X49: #N/A | Y49: Natural Order
B50: Name: | C50: Predator's Instinct | F50: Desc: | G50: =IFERROR(INDEX(Calc!$H$2:$H$375,MATCH($C$50,Calc!$D$2:$D$375,0)),"") -> Gain Advantage tracking wounded or Injured creatures. You sense fear in conversation without testing. | N50: =IFERROR(INDEX(_xlfn._xlws.FILTER(Calc!$D$2:$D$375,Calc!$B$2:$B$375=$O$19),30),"") | O50: =IFERROR(INDEX(_xlfn._xlws.FILTER(Calc!$C$2:$C$375,Calc!$B$2:$B$375=$O$19),30),"") | P50: =IFERROR(INDEX(_xlfn._xlws.FILTER(Calc!$E$2:$E$375,Calc!$B$2:$B$375=$O$19),30),"") | Q50: =IFERROR(INDEX(_xlfn._xlws.FILTER(Calc!$F$2:$F$375,Calc!$B$2:$B$375=$O$19),30),"") | R50: =IFERROR(INDEX(_xlfn._xlws.FILTER(Calc!$H$2:$H$375,Calc!$B$2:$B$375=$O$19),30),"") | S50: =IFERROR(INDEX(_xlfn._xlws.FILTER(Calc!$G$2:$G$375,Calc!$B$2:$B$375=$O$19),30),"") | U50: #N/A | V50: #N/A | W50: #N/A | X50: #N/A | Y50: Pattern Recognition
N51: =IFERROR(INDEX(_xlfn._xlws.FILTER(Calc!$D$2:$D$375,Calc!$B$2:$B$375=$O$19),31),"") | O51: =IFERROR(INDEX(_xlfn._xlws.FILTER(Calc!$C$2:$C$375,Calc!$B$2:$B$375=$O$19),31),"") | P51: =IFERROR(INDEX(_xlfn._xlws.FILTER(Calc!$E$2:$E$375,Calc!$B$2:$B$375=$O$19),31),"") | Q51: =IFERROR(INDEX(_xlfn._xlws.FILTER(Calc!$F$2:$F$375,Calc!$B$2:$B$375=$O$19),31),"") | R51: =IFERROR(INDEX(_xlfn._xlws.FILTER(Calc!$H$2:$H$375,Calc!$B$2:$B$375=$O$19),31),"") | S51: =IFERROR(INDEX(_xlfn._xlws.FILTER(Calc!$G$2:$G$375,Calc!$B$2:$B$375=$O$19),31),"") | U51: #N/A | V51: #N/A | W51: #N/A | X51: #N/A | Y51: Predator's Taxonomy
A52: LEVEL-UP TALENTS | N52: =IFERROR(INDEX(_xlfn._xlws.FILTER(Calc!$D$2:$D$375,Calc!$B$2:$B$375=$O$19),32),"") | O52: =IFERROR(INDEX(_xlfn._xlws.FILTER(Calc!$C$2:$C$375,Calc!$B$2:$B$375=$O$19),32),"") | P52: =IFERROR(INDEX(_xlfn._xlws.FILTER(Calc!$E$2:$E$375,Calc!$B$2:$B$375=$O$19),32),"") | Q52: =IFERROR(INDEX(_xlfn._xlws.FILTER(Calc!$F$2:$F$375,Calc!$B$2:$B$375=$O$19),32),"") | R52: =IFERROR(INDEX(_xlfn._xlws.FILTER(Calc!$H$2:$H$375,Calc!$B$2:$B$375=$O$19),32),"") | S52: =IFERROR(INDEX(_xlfn._xlws.FILTER(Calc!$G$2:$G$375,Calc!$B$2:$B$375=$O$19),32),"") | Y52: Environmental Reading
A53: Level | B53: Specialty | C53: Talent 1 | E53: Description | H53: Talent 2 | J53: Description | N53: =IFERROR(INDEX(_xlfn._xlws.FILTER(Calc!$D$2:$D$375,Calc!$B$2:$B$375=$O$19),33),"") | O53: =IFERROR(INDEX(_xlfn._xlws.FILTER(Calc!$C$2:$C$375,Calc!$B$2:$B$375=$O$19),33),"") | P53: =IFERROR(INDEX(_xlfn._xlws.FILTER(Calc!$E$2:$E$375,Calc!$B$2:$B$375=$O$19),33),"") | Q53: =IFERROR(INDEX(_xlfn._xlws.FILTER(Calc!$F$2:$F$375,Calc!$B$2:$B$375=$O$19),33),"") | R53: =IFERROR(INDEX(_xlfn._xlws.FILTER(Calc!$H$2:$H$375,Calc!$B$2:$B$375=$O$19),33),"") | S53: =IFERROR(INDEX(_xlfn._xlws.FILTER(Calc!$G$2:$G$375,Calc!$B$2:$B$375=$O$19),33),"") | Y53: Reckless Experiment
A54: Lv 2 | B54: Frenzy | C54: Incite | E54: =IFERROR(INDEX(Calc!$H$2:$H$375,MATCH($C$54,Calc!$D$2:$D$375,0)),"") -> Test Influence vs. Spiritual Defense on a creature in Attunement Range. On success, it must Strike the nearest creature or lose its Reaction. | J54: =IFERROR(INDEX(Calc!$H$2:$H$375,MATCH($H$54,Calc!$D$2:$D$375,0)),"") | N54: =IFERROR(INDEX(_xlfn._xlws.FILTER(Calc!$D$2:$D$375,Calc!$B$2:$B$375=$O$19),34),"") | O54: =IFERROR(INDEX(_xlfn._xlws.FILTER(Calc!$C$2:$C$375,Calc!$B$2:$B$375=$O$19),34),"") | P54: =IFERROR(INDEX(_xlfn._xlws.FILTER(Calc!$E$2:$E$375,Calc!$B$2:$B$375=$O$19),34),"") | Q54: =IFERROR(INDEX(_xlfn._xlws.FILTER(Calc!$F$2:$F$375,Calc!$B$2:$B$375=$O$19),34),"") | R54: =IFERROR(INDEX(_xlfn._xlws.FILTER(Calc!$H$2:$H$375,Calc!$B$2:$B$375=$O$19),34),"") | S54: =IFERROR(INDEX(_xlfn._xlws.FILTER(Calc!$G$2:$G$375,Calc!$B$2:$B$375=$O$19),34),"") | Y54: Trial and Error
A55: Lv 3 | B55: Momentum | C55: Burning Drive | E55: =IFERROR(INDEX(Calc!$H$2:$H$375,MATCH($C$55,Calc!$D$2:$D$375,0)),"") -> On a Fast turn, add half [Die] to your first Physical test. | J55: =IFERROR(INDEX(Calc!$H$2:$H$375,MATCH($H$55,Calc!$D$2:$D$375,0)),"") | N55: =IFERROR(INDEX(_xlfn._xlws.FILTER(Calc!$D$2:$D$375,Calc!$B$2:$B$375=$O$19),35),"") | O55: =IFERROR(INDEX(_xlfn._xlws.FILTER(Calc!$C$2:$C$375,Calc!$B$2:$B$375=$O$19),35),"") | P55: =IFERROR(INDEX(_xlfn._xlws.FILTER(Calc!$E$2:$E$375,Calc!$B$2:$B$375=$O$19),35),"") | Q55: =IFERROR(INDEX(_xlfn._xlws.FILTER(Calc!$F$2:$F$375,Calc!$B$2:$B$375=$O$19),35),"") | R55: =IFERROR(INDEX(_xlfn._xlws.FILTER(Calc!$H$2:$H$375,Calc!$B$2:$B$375=$O$19),35),"") | S55: =IFERROR(INDEX(_xlfn._xlws.FILTER(Calc!$G$2:$G$375,Calc!$B$2:$B$375=$O$19),35),"") | Y55: Passionate Breakthrough
A56: Lv 4 | B56: Strategist | C56: Mind and Body | E56: =IFERROR(INDEX(Calc!$H$2:$H$375,MATCH($C$56,Calc!$D$2:$D$375,0)),"") -> Gain a weapon expertise. Gain an additional skill from Erudition. You can now choose physical skills with Erudition. | J56: =IFERROR(INDEX(Calc!$H$2:$H$375,MATCH($H$56,Calc!$D$2:$D$375,0)),"") | N56: =IFERROR(INDEX(_xlfn._xlws.FILTER(Calc!$D$2:$D$375,Calc!$B$2:$B$375=$O$19),36),"") | O56: =IFERROR(INDEX(_xlfn._xlws.FILTER(Calc!$C$2:$C$375,Calc!$B$2:$B$375=$O$19),36),"") | P56: =IFERROR(INDEX(_xlfn._xlws.FILTER(Calc!$E$2:$E$375,Calc!$B$2:$B$375=$O$19),36),"") | Q56: =IFERROR(INDEX(_xlfn._xlws.FILTER(Calc!$F$2:$F$375,Calc!$B$2:$B$375=$O$19),36),"") | R56: =IFERROR(INDEX(_xlfn._xlws.FILTER(Calc!$H$2:$H$375,Calc!$B$2:$B$375=$O$19),36),"") | S56: =IFERROR(INDEX(_xlfn._xlws.FILTER(Calc!$G$2:$G$375,Calc!$B$2:$B$375=$O$19),36),"") | Y56: Shared Revelation
A57: Lv 5 | B57: Strategist | C57: Know Your Moment | E57: =IFERROR(INDEX(Calc!$H$2:$H$375,MATCH($C$57,Calc!$D$2:$D$375,0)),"") -> Your defenses increase by 2 from the start of each round until you take your turn. | J57: =IFERROR(INDEX(Calc!$H$2:$H$375,MATCH($H$57,Calc!$D$2:$D$375,0)),"") | N57: =IFERROR(INDEX(_xlfn._xlws.FILTER(Calc!$D$2:$D$375,Calc!$B$2:$B$375=$O$19),37),"") | O57: =IFERROR(INDEX(_xlfn._xlws.FILTER(Calc!$C$2:$C$375,Calc!$B$2:$B$375=$O$19),37),"") | P57: =IFERROR(INDEX(_xlfn._xlws.FILTER(Calc!$E$2:$E$375,Calc!$B$2:$B$375=$O$19),37),"") | Q57: =IFERROR(INDEX(_xlfn._xlws.FILTER(Calc!$F$2:$F$375,Calc!$B$2:$B$375=$O$19),37),"") | R57: =IFERROR(INDEX(_xlfn._xlws.FILTER(Calc!$H$2:$H$375,Calc!$B$2:$B$375=$O$19),37),"") | S57: =IFERROR(INDEX(_xlfn._xlws.FILTER(Calc!$G$2:$G$375,Calc!$B$2:$B$375=$O$19),37),"") | Y57: The Eureka Moment
A58: Lv 6 | E58: =IFERROR(INDEX(Calc!$H$2:$H$375,MATCH($C$58,Calc!$D$2:$D$375,0)),"") | J58: =IFERROR(INDEX(Calc!$H$2:$H$375,MATCH($H$58,Calc!$D$2:$D$375,0)),"") | N58: =IFERROR(INDEX(_xlfn._xlws.FILTER(Calc!$D$2:$D$375,Calc!$B$2:$B$375=$O$19),38),"") | O58: =IFERROR(INDEX(_xlfn._xlws.FILTER(Calc!$C$2:$C$375,Calc!$B$2:$B$375=$O$19),38),"") | P58: =IFERROR(INDEX(_xlfn._xlws.FILTER(Calc!$E$2:$E$375,Calc!$B$2:$B$375=$O$19),38),"") | Q58: =IFERROR(INDEX(_xlfn._xlws.FILTER(Calc!$F$2:$F$375,Calc!$B$2:$B$375=$O$19),38),"") | R58: =IFERROR(INDEX(_xlfn._xlws.FILTER(Calc!$H$2:$H$375,Calc!$B$2:$B$375=$O$19),38),"") | S58: =IFERROR(INDEX(_xlfn._xlws.FILTER(Calc!$G$2:$G$375,Calc!$B$2:$B$375=$O$19),38),"") | Y58: Forbidden Knowledge
A59: Lv6 Bonus | E59: =IFERROR(INDEX(Calc!$H$2:$H$375,MATCH($C$59,Calc!$D$2:$D$375,0)),"") | J59: =IFERROR(INDEX(Calc!$H$2:$H$375,MATCH($H$59,Calc!$D$2:$D$375,0)),"") | N59: =IFERROR(INDEX(_xlfn._xlws.FILTER(Calc!$D$2:$D$375,Calc!$B$2:$B$375=$O$19),39),"") | O59: =IFERROR(INDEX(_xlfn._xlws.FILTER(Calc!$C$2:$C$375,Calc!$B$2:$B$375=$O$19),39),"") | P59: =IFERROR(INDEX(_xlfn._xlws.FILTER(Calc!$E$2:$E$375,Calc!$B$2:$B$375=$O$19),39),"") | Q59: =IFERROR(INDEX(_xlfn._xlws.FILTER(Calc!$F$2:$F$375,Calc!$B$2:$B$375=$O$19),39),"") | R59: =IFERROR(INDEX(_xlfn._xlws.FILTER(Calc!$H$2:$H$375,Calc!$B$2:$B$375=$O$19),39),"") | S59: =IFERROR(INDEX(_xlfn._xlws.FILTER(Calc!$G$2:$G$375,Calc!$B$2:$B$375=$O$19),39),"") | Y59: Efficient Engineer
A60: Lv 7 | E60: =IFERROR(INDEX(Calc!$H$2:$H$375,MATCH($C$60,Calc!$D$2:$D$375,0)),"") | J60: =IFERROR(INDEX(Calc!$H$2:$H$375,MATCH($H$60,Calc!$D$2:$D$375,0)),"") | N60: =IFERROR(INDEX(_xlfn._xlws.FILTER(Calc!$D$2:$D$375,Calc!$B$2:$B$375=$O$19),40),"") | O60: =IFERROR(INDEX(_xlfn._xlws.FILTER(Calc!$C$2:$C$375,Calc!$B$2:$B$375=$O$19),40),"") | P60: =IFERROR(INDEX(_xlfn._xlws.FILTER(Calc!$E$2:$E$375,Calc!$B$2:$B$375=$O$19),40),"") | Q60: =IFERROR(INDEX(_xlfn._xlws.FILTER(Calc!$F$2:$F$375,Calc!$B$2:$B$375=$O$19),40),"") | R60: =IFERROR(INDEX(_xlfn._xlws.FILTER(Calc!$H$2:$H$375,Calc!$B$2:$B$375=$O$19),40),"") | S60: =IFERROR(INDEX(_xlfn._xlws.FILTER(Calc!$G$2:$G$375,Calc!$B$2:$B$375=$O$19),40),"") | Y60: Prized Acquisition
A61: Lv 8 | E61: =IFERROR(INDEX(Calc!$H$2:$H$375,MATCH($C$61,Calc!$D$2:$D$375,0)),"") | J61: =IFERROR(INDEX(Calc!$H$2:$H$375,MATCH($H$61,Calc!$D$2:$D$375,0)),"") | N61: =IFERROR(INDEX(_xlfn._xlws.FILTER(Calc!$D$2:$D$375,Calc!$B$2:$B$375=$O$19),41),"") | O61: =IFERROR(INDEX(_xlfn._xlws.FILTER(Calc!$C$2:$C$375,Calc!$B$2:$B$375=$O$19),41),"") | P61: =IFERROR(INDEX(_xlfn._xlws.FILTER(Calc!$E$2:$E$375,Calc!$B$2:$B$375=$O$19),41),"") | Q61: =IFERROR(INDEX(_xlfn._xlws.FILTER(Calc!$F$2:$F$375,Calc!$B$2:$B$375=$O$19),41),"") | R61: =IFERROR(INDEX(_xlfn._xlws.FILTER(Calc!$H$2:$H$375,Calc!$B$2:$B$375=$O$19),41),"") | S61: =IFERROR(INDEX(_xlfn._xlws.FILTER(Calc!$G$2:$G$375,Calc!$B$2:$B$375=$O$19),41),"") | Y61: Deep Study
A62: Lv 9 | E62: =IFERROR(INDEX(Calc!$H$2:$H$375,MATCH($C$62,Calc!$D$2:$D$375,0)),"") | J62: =IFERROR(INDEX(Calc!$H$2:$H$375,MATCH($H$62,Calc!$D$2:$D$375,0)),"") | N62: =IFERROR(INDEX(_xlfn._xlws.FILTER(Calc!$D$2:$D$375,Calc!$B$2:$B$375=$O$19),42),"") | O62: =IFERROR(INDEX(_xlfn._xlws.FILTER(Calc!$C$2:$C$375,Calc!$B$2:$B$375=$O$19),42),"") | P62: =IFERROR(INDEX(_xlfn._xlws.FILTER(Calc!$E$2:$E$375,Calc!$B$2:$B$375=$O$19),42),"") | Q62: =IFERROR(INDEX(_xlfn._xlws.FILTER(Calc!$F$2:$F$375,Calc!$B$2:$B$375=$O$19),42),"") | R62: =IFERROR(INDEX(_xlfn._xlws.FILTER(Calc!$H$2:$H$375,Calc!$B$2:$B$375=$O$19),42),"") | S62: =IFERROR(INDEX(_xlfn._xlws.FILTER(Calc!$G$2:$G$375,Calc!$B$2:$B$375=$O$19),42),"") | Y62: Inventive Design
A63: Lv 10 | E63: =IFERROR(INDEX(Calc!$H$2:$H$375,MATCH($C$63,Calc!$D$2:$D$375,0)),"") | J63: =IFERROR(INDEX(Calc!$H$2:$H$375,MATCH($H$63,Calc!$D$2:$D$375,0)),"") | N63: =IFERROR(INDEX(_xlfn._xlws.FILTER(Calc!$D$2:$D$375,Calc!$B$2:$B$375=$O$19),43),"") | O63: =IFERROR(INDEX(_xlfn._xlws.FILTER(Calc!$C$2:$C$375,Calc!$B$2:$B$375=$O$19),43),"") | P63: =IFERROR(INDEX(_xlfn._xlws.FILTER(Calc!$E$2:$E$375,Calc!$B$2:$B$375=$O$19),43),"") | Q63: =IFERROR(INDEX(_xlfn._xlws.FILTER(Calc!$F$2:$F$375,Calc!$B$2:$B$375=$O$19),43),"") | R63: =IFERROR(INDEX(_xlfn._xlws.FILTER(Calc!$H$2:$H$375,Calc!$B$2:$B$375=$O$19),43),"") | S63: =IFERROR(INDEX(_xlfn._xlws.FILTER(Calc!$G$2:$G$375,Calc!$B$2:$B$375=$O$19),43),"") | Y63: Fine Handiwork
A64: Lv 11 | E64: =IFERROR(INDEX(Calc!$H$2:$H$375,MATCH($C$64,Calc!$D$2:$D$375,0)),"") | J64: =IFERROR(INDEX(Calc!$H$2:$H$375,MATCH($H$64,Calc!$D$2:$D$375,0)),"") | N64: =IFERROR(INDEX(_xlfn._xlws.FILTER(Calc!$D$2:$D$375,Calc!$B$2:$B$375=$O$19),44),"") | O64: =IFERROR(INDEX(_xlfn._xlws.FILTER(Calc!$C$2:$C$375,Calc!$B$2:$B$375=$O$19),44),"") | P64: =IFERROR(INDEX(_xlfn._xlws.FILTER(Calc!$E$2:$E$375,Calc!$B$2:$B$375=$O$19),44),"") | Q64: =IFERROR(INDEX(_xlfn._xlws.FILTER(Calc!$F$2:$F$375,Calc!$B$2:$B$375=$O$19),44),"") | R64: =IFERROR(INDEX(_xlfn._xlws.FILTER(Calc!$H$2:$H$375,Calc!$B$2:$B$375=$O$19),44),"") | S64: =IFERROR(INDEX(_xlfn._xlws.FILTER(Calc!$G$2:$G$375,Calc!$B$2:$B$375=$O$19),44),"") | Y64: Overcharge
A65: Lv11 Bonus | E65: =IFERROR(INDEX(Calc!$H$2:$H$375,MATCH($C$65,Calc!$D$2:$D$375,0)),"") | J65: =IFERROR(INDEX(Calc!$H$2:$H$375,MATCH($H$65,Calc!$D$2:$D$375,0)),"") | N65: =IFERROR(INDEX(_xlfn._xlws.FILTER(Calc!$D$2:$D$375,Calc!$B$2:$B$375=$O$19),45),"") | O65: =IFERROR(INDEX(_xlfn._xlws.FILTER(Calc!$C$2:$C$375,Calc!$B$2:$B$375=$O$19),45),"") | P65: =IFERROR(INDEX(_xlfn._xlws.FILTER(Calc!$E$2:$E$375,Calc!$B$2:$B$375=$O$19),45),"") | Q65: =IFERROR(INDEX(_xlfn._xlws.FILTER(Calc!$F$2:$F$375,Calc!$B$2:$B$375=$O$19),45),"") | R65: =IFERROR(INDEX(_xlfn._xlws.FILTER(Calc!$H$2:$H$375,Calc!$B$2:$B$375=$O$19),45),"") | S65: =IFERROR(INDEX(_xlfn._xlws.FILTER(Calc!$G$2:$G$375,Calc!$B$2:$B$375=$O$19),45),"") | Y65: Experimental Tinkering
A66: Lv 12 | E66: =IFERROR(INDEX(Calc!$H$2:$H$375,MATCH($C$66,Calc!$D$2:$D$375,0)),"") | J66: =IFERROR(INDEX(Calc!$H$2:$H$375,MATCH($H$66,Calc!$D$2:$D$375,0)),"") | N66: =IFERROR(INDEX(_xlfn._xlws.FILTER(Calc!$D$2:$D$375,Calc!$B$2:$B$375=$O$19),46),"") | O66: =IFERROR(INDEX(_xlfn._xlws.FILTER(Calc!$C$2:$C$375,Calc!$B$2:$B$375=$O$19),46),"") | P66: =IFERROR(INDEX(_xlfn._xlws.FILTER(Calc!$E$2:$E$375,Calc!$B$2:$B$375=$O$19),46),"") | Q66: =IFERROR(INDEX(_xlfn._xlws.FILTER(Calc!$F$2:$F$375,Calc!$B$2:$B$375=$O$19),46),"") | R66: =IFERROR(INDEX(_xlfn._xlws.FILTER(Calc!$H$2:$H$375,Calc!$B$2:$B$375=$O$19),46),"") | S66: =IFERROR(INDEX(_xlfn._xlws.FILTER(Calc!$G$2:$G$375,Calc!$B$2:$B$375=$O$19),46),"") | Y66: Overwhelm with Details
A67: Lv 13 | E67: =IFERROR(INDEX(Calc!$H$2:$H$375,MATCH($C$67,Calc!$D$2:$D$375,0)),"") | J67: =IFERROR(INDEX(Calc!$H$2:$H$375,MATCH($H$67,Calc!$D$2:$D$375,0)),"") | N67: =IFERROR(INDEX(_xlfn._xlws.FILTER(Calc!$D$2:$D$375,Calc!$B$2:$B$375=$O$19),47),"") | O67: =IFERROR(INDEX(_xlfn._xlws.FILTER(Calc!$C$2:$C$375,Calc!$B$2:$B$375=$O$19),47),"") | P67: =IFERROR(INDEX(_xlfn._xlws.FILTER(Calc!$E$2:$E$375,Calc!$B$2:$B$375=$O$19),47),"") | Q67: =IFERROR(INDEX(_xlfn._xlws.FILTER(Calc!$F$2:$F$375,Calc!$B$2:$B$375=$O$19),47),"") | R67: =IFERROR(INDEX(_xlfn._xlws.FILTER(Calc!$H$2:$H$375,Calc!$B$2:$B$375=$O$19),47),"") | S67: =IFERROR(INDEX(_xlfn._xlws.FILTER(Calc!$G$2:$G$375,Calc!$B$2:$B$375=$O$19),47),"") | Y67: Strategize
A68: Lv 14 | E68: =IFERROR(INDEX(Calc!$H$2:$H$375,MATCH($C$68,Calc!$D$2:$D$375,0)),"") | J68: =IFERROR(INDEX(Calc!$H$2:$H$375,MATCH($H$68,Calc!$D$2:$D$375,0)),"") | N68: =IFERROR(INDEX(_xlfn._xlws.FILTER(Calc!$D$2:$D$375,Calc!$B$2:$B$375=$O$19),48),"") | O68: =IFERROR(INDEX(_xlfn._xlws.FILTER(Calc!$C$2:$C$375,Calc!$B$2:$B$375=$O$19),48),"") | P68: =IFERROR(INDEX(_xlfn._xlws.FILTER(Calc!$E$2:$E$375,Calc!$B$2:$B$375=$O$19),48),"") | Q68: =IFERROR(INDEX(_xlfn._xlws.FILTER(Calc!$F$2:$F$375,Calc!$B$2:$B$375=$O$19),48),"") | R68: =IFERROR(INDEX(_xlfn._xlws.FILTER(Calc!$H$2:$H$375,Calc!$B$2:$B$375=$O$19),48),"") | S68: =IFERROR(INDEX(_xlfn._xlws.FILTER(Calc!$G$2:$G$375,Calc!$B$2:$B$375=$O$19),48),"") | Y68: Mind and Body
A69: Lv 15 | E69: =IFERROR(INDEX(Calc!$H$2:$H$375,MATCH($C$69,Calc!$D$2:$D$375,0)),"") | J69: =IFERROR(INDEX(Calc!$H$2:$H$375,MATCH($H$69,Calc!$D$2:$D$375,0)),"") | N69: =IFERROR(INDEX(_xlfn._xlws.FILTER(Calc!$D$2:$D$375,Calc!$B$2:$B$375=$O$19),49),"") | O69: =IFERROR(INDEX(_xlfn._xlws.FILTER(Calc!$C$2:$C$375,Calc!$B$2:$B$375=$O$19),49),"") | P69: =IFERROR(INDEX(_xlfn._xlws.FILTER(Calc!$E$2:$E$375,Calc!$B$2:$B$375=$O$19),49),"") | Q69: =IFERROR(INDEX(_xlfn._xlws.FILTER(Calc!$F$2:$F$375,Calc!$B$2:$B$375=$O$19),49),"") | R69: =IFERROR(INDEX(_xlfn._xlws.FILTER(Calc!$H$2:$H$375,Calc!$B$2:$B$375=$O$19),49),"") | S69: =IFERROR(INDEX(_xlfn._xlws.FILTER(Calc!$G$2:$G$375,Calc!$B$2:$B$375=$O$19),49),"") | Y69: Composed
A70: Lv 16 | E70: =IFERROR(INDEX(Calc!$H$2:$H$375,MATCH($C$70,Calc!$D$2:$D$375,0)),"") | J70: =IFERROR(INDEX(Calc!$H$2:$H$375,MATCH($H$70,Calc!$D$2:$D$375,0)),"") | N70: =IFERROR(INDEX(_xlfn._xlws.FILTER(Calc!$D$2:$D$375,Calc!$B$2:$B$375=$O$19),50),"") | O70: =IFERROR(INDEX(_xlfn._xlws.FILTER(Calc!$C$2:$C$375,Calc!$B$2:$B$375=$O$19),50),"") | P70: =IFERROR(INDEX(_xlfn._xlws.FILTER(Calc!$E$2:$E$375,Calc!$B$2:$B$375=$O$19),50),"") | Q70: =IFERROR(INDEX(_xlfn._xlws.FILTER(Calc!$F$2:$F$375,Calc!$B$2:$B$375=$O$19),50),"") | R70: =IFERROR(INDEX(_xlfn._xlws.FILTER(Calc!$H$2:$H$375,Calc!$B$2:$B$375=$O$19),50),"") | S70: =IFERROR(INDEX(_xlfn._xlws.FILTER(Calc!$G$2:$G$375,Calc!$B$2:$B$375=$O$19),50),"") | Y70: Know Your Moment
A71: Lv16 Bonus | E71: =IFERROR(INDEX(Calc!$H$2:$H$375,MATCH($C$71,Calc!$D$2:$D$375,0)),"") | J71: =IFERROR(INDEX(Calc!$H$2:$H$375,MATCH($H$71,Calc!$D$2:$D$375,0)),"") | N71: =IFERROR(INDEX(_xlfn._xlws.FILTER(Calc!$D$2:$D$375,Calc!$B$2:$B$375=$O$19),51),"") | O71: =IFERROR(INDEX(_xlfn._xlws.FILTER(Calc!$C$2:$C$375,Calc!$B$2:$B$375=$O$19),51),"") | P71: =IFERROR(INDEX(_xlfn._xlws.FILTER(Calc!$E$2:$E$375,Calc!$B$2:$B$375=$O$19),51),"") | Q71: =IFERROR(INDEX(_xlfn._xlws.FILTER(Calc!$F$2:$F$375,Calc!$B$2:$B$375=$O$19),51),"") | R71: =IFERROR(INDEX(_xlfn._xlws.FILTER(Calc!$H$2:$H$375,Calc!$B$2:$B$375=$O$19),51),"") | S71: =IFERROR(INDEX(_xlfn._xlws.FILTER(Calc!$G$2:$G$375,Calc!$B$2:$B$375=$O$19),51),"") | Y71: Deep Contemplation
A72: Lv 17 | E72: =IFERROR(INDEX(Calc!$H$2:$H$375,MATCH($C$72,Calc!$D$2:$D$375,0)),"") | J72: =IFERROR(INDEX(Calc!$H$2:$H$375,MATCH($H$72,Calc!$D$2:$D$375,0)),"") | N72: =IFERROR(INDEX(_xlfn._xlws.FILTER(Calc!$D$2:$D$375,Calc!$B$2:$B$375=$O$19),52),"") | O72: =IFERROR(INDEX(_xlfn._xlws.FILTER(Calc!$C$2:$C$375,Calc!$B$2:$B$375=$O$19),52),"") | P72: =IFERROR(INDEX(_xlfn._xlws.FILTER(Calc!$E$2:$E$375,Calc!$B$2:$B$375=$O$19),52),"") | Q72: =IFERROR(INDEX(_xlfn._xlws.FILTER(Calc!$F$2:$F$375,Calc!$B$2:$B$375=$O$19),52),"") | R72: =IFERROR(INDEX(_xlfn._xlws.FILTER(Calc!$H$2:$H$375,Calc!$B$2:$B$375=$O$19),52),"") | S72: =IFERROR(INDEX(_xlfn._xlws.FILTER(Calc!$G$2:$G$375,Calc!$B$2:$B$375=$O$19),52),"") | Y72: Keen Insight
A73: Lv 18 | E73: =IFERROR(INDEX(Calc!$H$2:$H$375,MATCH($C$73,Calc!$D$2:$D$375,0)),"") | J73: =IFERROR(INDEX(Calc!$H$2:$H$375,MATCH($H$73,Calc!$D$2:$D$375,0)),"") | N73: =IFERROR(INDEX(_xlfn._xlws.FILTER(Calc!$D$2:$D$375,Calc!$B$2:$B$375=$O$19),53),"") | O73: =IFERROR(INDEX(_xlfn._xlws.FILTER(Calc!$C$2:$C$375,Calc!$B$2:$B$375=$O$19),53),"") | P73: =IFERROR(INDEX(_xlfn._xlws.FILTER(Calc!$E$2:$E$375,Calc!$B$2:$B$375=$O$19),53),"") | Q73: =IFERROR(INDEX(_xlfn._xlws.FILTER(Calc!$F$2:$F$375,Calc!$B$2:$B$375=$O$19),53),"") | R73: =IFERROR(INDEX(_xlfn._xlws.FILTER(Calc!$H$2:$H$375,Calc!$B$2:$B$375=$O$19),53),"") | S73: =IFERROR(INDEX(_xlfn._xlws.FILTER(Calc!$G$2:$G$375,Calc!$B$2:$B$375=$O$19),53),"") | Y73: Contingency
A74: Lv 19 | E74: =IFERROR(INDEX(Calc!$H$2:$H$375,MATCH($C$74,Calc!$D$2:$D$375,0)),"") | J74: =IFERROR(INDEX(Calc!$H$2:$H$375,MATCH($H$74,Calc!$D$2:$D$375,0)),"") | N74: =IFERROR(INDEX(_xlfn._xlws.FILTER(Calc!$D$2:$D$375,Calc!$B$2:$B$375=$O$19),54),"") | O74: =IFERROR(INDEX(_xlfn._xlws.FILTER(Calc!$C$2:$C$375,Calc!$B$2:$B$375=$O$19),54),"") | P74: =IFERROR(INDEX(_xlfn._xlws.FILTER(Calc!$E$2:$E$375,Calc!$B$2:$B$375=$O$19),54),"") | Q74: =IFERROR(INDEX(_xlfn._xlws.FILTER(Calc!$F$2:$F$375,Calc!$B$2:$B$375=$O$19),54),"") | R74: =IFERROR(INDEX(_xlfn._xlws.FILTER(Calc!$H$2:$H$375,Calc!$B$2:$B$375=$O$19),54),"") | S74: =IFERROR(INDEX(_xlfn._xlws.FILTER(Calc!$G$2:$G$375,Calc!$B$2:$B$375=$O$19),54),"") | Y74: Turning Point
A75: Lv 20 | E75: =IFERROR(INDEX(Calc!$H$2:$H$375,MATCH($C$75,Calc!$D$2:$D$375,0)),"") | J75: =IFERROR(INDEX(Calc!$H$2:$H$375,MATCH($H$75,Calc!$D$2:$D$375,0)),"") | N75: =IFERROR(INDEX(_xlfn._xlws.FILTER(Calc!$D$2:$D$375,Calc!$B$2:$B$375=$O$19),55),"") | O75: =IFERROR(INDEX(_xlfn._xlws.FILTER(Calc!$C$2:$C$375,Calc!$B$2:$B$375=$O$19),55),"") | P75: =IFERROR(INDEX(_xlfn._xlws.FILTER(Calc!$E$2:$E$375,Calc!$B$2:$B$375=$O$19),55),"") | Q75: =IFERROR(INDEX(_xlfn._xlws.FILTER(Calc!$F$2:$F$375,Calc!$B$2:$B$375=$O$19),55),"") | R75: =IFERROR(INDEX(_xlfn._xlws.FILTER(Calc!$H$2:$H$375,Calc!$B$2:$B$375=$O$19),55),"") | S75: =IFERROR(INDEX(_xlfn._xlws.FILTER(Calc!$G$2:$G$375,Calc!$B$2:$B$375=$O$19),55),"") | Y75: Field Medicine
N76: =IFERROR(INDEX(_xlfn._xlws.FILTER(Calc!$D$2:$D$375,Calc!$B$2:$B$375=$O$19),56),"") | O76: =IFERROR(INDEX(_xlfn._xlws.FILTER(Calc!$C$2:$C$375,Calc!$B$2:$B$375=$O$19),56),"") | P76: =IFERROR(INDEX(_xlfn._xlws.FILTER(Calc!$E$2:$E$375,Calc!$B$2:$B$375=$O$19),56),"") | Q76: =IFERROR(INDEX(_xlfn._xlws.FILTER(Calc!$F$2:$F$375,Calc!$B$2:$B$375=$O$19),56),"") | R76: =IFERROR(INDEX(_xlfn._xlws.FILTER(Calc!$H$2:$H$375,Calc!$B$2:$B$375=$O$19),56),"") | S76: =IFERROR(INDEX(_xlfn._xlws.FILTER(Calc!$G$2:$G$375,Calc!$B$2:$B$375=$O$19),56),"") | Y76: Emotional Intelligence
A77: STEP 5: EXPERTISES | N77: =IFERROR(INDEX(_xlfn._xlws.FILTER(Calc!$D$2:$D$375,Calc!$B$2:$B$375=$O$19),57),"") | O77: =IFERROR(INDEX(_xlfn._xlws.FILTER(Calc!$C$2:$C$375,Calc!$B$2:$B$375=$O$19),57),"") | P77: =IFERROR(INDEX(_xlfn._xlws.FILTER(Calc!$E$2:$E$375,Calc!$B$2:$B$375=$O$19),57),"") | Q77: =IFERROR(INDEX(_xlfn._xlws.FILTER(Calc!$F$2:$F$375,Calc!$B$2:$B$375=$O$19),57),"") | R77: =IFERROR(INDEX(_xlfn._xlws.FILTER(Calc!$H$2:$H$375,Calc!$B$2:$B$375=$O$19),57),"") | S77: =IFERROR(INDEX(_xlfn._xlws.FILTER(Calc!$G$2:$G$375,Calc!$B$2:$B$375=$O$19),57),"") | Y77: Anatomical Insight
B78: Specialized knowledge areas. | N78: =IFERROR(INDEX(_xlfn._xlws.FILTER(Calc!$D$2:$D$375,Calc!$B$2:$B$375=$O$19),58),"") | O78: =IFERROR(INDEX(_xlfn._xlws.FILTER(Calc!$C$2:$C$375,Calc!$B$2:$B$375=$O$19),58),"") | P78: =IFERROR(INDEX(_xlfn._xlws.FILTER(Calc!$E$2:$E$375,Calc!$B$2:$B$375=$O$19),58),"") | Q78: =IFERROR(INDEX(_xlfn._xlws.FILTER(Calc!$F$2:$F$375,Calc!$B$2:$B$375=$O$19),58),"") | R78: =IFERROR(INDEX(_xlfn._xlws.FILTER(Calc!$H$2:$H$375,Calc!$B$2:$B$375=$O$19),58),"") | S78: =IFERROR(INDEX(_xlfn._xlws.FILTER(Calc!$G$2:$G$375,Calc!$B$2:$B$375=$O$19),58),"") | Y78: Collected
B79: Expertise 1 | F79: Source | N79: =IFERROR(INDEX(_xlfn._xlws.FILTER(Calc!$D$2:$D$375,Calc!$B$2:$B$375=$O$19),59),"") | O79: =IFERROR(INDEX(_xlfn._xlws.FILTER(Calc!$C$2:$C$375,Calc!$B$2:$B$375=$O$19),59),"") | P79: =IFERROR(INDEX(_xlfn._xlws.FILTER(Calc!$E$2:$E$375,Calc!$B$2:$B$375=$O$19),59),"") | Q79: =IFERROR(INDEX(_xlfn._xlws.FILTER(Calc!$F$2:$F$375,Calc!$B$2:$B$375=$O$19),59),"") | R79: =IFERROR(INDEX(_xlfn._xlws.FILTER(Calc!$H$2:$H$375,Calc!$B$2:$B$375=$O$19),59),"") | S79: =IFERROR(INDEX(_xlfn._xlws.FILTER(Calc!$G$2:$G$375,Calc!$B$2:$B$375=$O$19),59),"") | Y79: Swift Healer
B80: Expertise 2 | F80: Source | N80: =IFERROR(INDEX(_xlfn._xlws.FILTER(Calc!$D$2:$D$375,Calc!$B$2:$B$375=$O$19),60),"") | O80: =IFERROR(INDEX(_xlfn._xlws.FILTER(Calc!$C$2:$C$375,Calc!$B$2:$B$375=$O$19),60),"") | P80: =IFERROR(INDEX(_xlfn._xlws.FILTER(Calc!$E$2:$E$375,Calc!$B$2:$B$375=$O$19),60),"") | Q80: =IFERROR(INDEX(_xlfn._xlws.FILTER(Calc!$F$2:$F$375,Calc!$B$2:$B$375=$O$19),60),"") | R80: =IFERROR(INDEX(_xlfn._xlws.FILTER(Calc!$H$2:$H$375,Calc!$B$2:$B$375=$O$19),60),"") | S80: =IFERROR(INDEX(_xlfn._xlws.FILTER(Calc!$G$2:$G$375,Calc!$B$2:$B$375=$O$19),60),"") | Y80: Applied Medicine
B81: Expertise 3 | F81: Source | Y81: Ongoing Care
B82: Expertise 4 | F82: Source | Y82: Resuscitation
B83: Expertise 5 | F83: Source | Y83: #N/A
B84: Expertise 6 | F84: Source | Y84: #N/A
Y85: #N/A
Y86: #N/A
Y87: #N/A
Y88: #N/A
Y89: #N/A
Y90: #N/A
Y91: #N/A
Y92: #N/A
Y93: #N/A
Y94: #N/A
Y95: #N/A
Y96: #N/A
... Y201: #N/A

Sheet Reference
A1: EDHA REFERENCE TABLES
A3: LEVEL PROGRESSION
A4: Level | B4: Tier | C4: Max Skill | D4: Attr Pts | E4: Skill Ranks | F4: Talent Pts | G4: HP Gain | H4: Cumul HP (S=0)
A5: 1 | B5: 1 | C5: 2 | D5: 12 | E5: 5 | F5: 5 | G5: 10+STR | H5: 10
A6: 2 | B6: 1 | C6: 2 | D6: 12 | E6: 7 | F6: 6 | G6: +5 | H6: 15
A7: 3 | B7: 1 | C7: 2 | D7: 13 | E7: 9 | F7: 7 | G7: +5 | H7: 20
A8: 4 | B8: 1 | C8: 2 | D8: 13 | E8: 11 | F8: 8 | G8: +5 | H8: 25
A9: 5 | B9: 1 | C9: 2 | D9: 13 | E9: 13 | F9: 9 | G9: +5 | H9: 30
A10: 6 | B10: 2 | C10: 3 | D10: 14 | E10: 15 | F10: 11 | G10: 4+STR | H10: 34
A11: 7 | B11: 2 | C11: 3 | D11: 14 | E11: 17 | F11: 12 | G11: +5 | H11: 39
A12: 8 | B12: 2 | C12: 3 | D12: 14 | E12: 19 | F12: 13 | G12: +5 | H12: 44
A13: 9 | B13: 2 | C13: 3 | D13: 15 | E13: 21 | F13: 14 | G13: +5 | H13: 49
A14: 10 | B14: 2 | C14: 3 | D14: 15 | E14: 23 | F14: 15 | G14: +5 | H14: 54
A15: 11 | B15: 3 | C15: 4 | D15: 15 | E15: 25 | F15: 17 | G15: 3+STR | H15: 57
A16: 12 | B16: 3 | C16: 4 | D16: 16 | E16: 27 | F16: 18 | G16: +5 | H16: 62
... A24: 20 | B24: 4 | C24: 5 | D24: 18 | E24: 43 | F24: 27 | G24: +5 | H24: 99
A27: SKILLS & ATTRIBUTES | E27: PATH → ATTR#
A28: Skill | B28: Attr | C28: # | E28: Path | F28: Idx
A29: Agility | B29: SPD | C29: 1 | E29: Black | F29: 6
A30: Athletics | B30: STR | C30: 2 | E30: Blue | F30: 3
A31: Heavy Weaponry | B31: STR | C31: 3 | E31: Chaos | F31: 6
A32: Light Weaponry | B32: SPD | C32: 4 | E32: Civilization | F32: 4
A33: Stealth | B33: SPD | C33: 5 | E33: Death | F33: 6
A34: Thievery | B34: SPD | C34: 6 | E34: Destruction | F34: 1
A35: Crafting | B35: INT | C35: 7 | E35: Fate | F35: 4
A36: Deduction | B36: INT | C36: 8 | E36: Green | F36: 5
A37: Discipline | B37: WIL | C37: 9 | E37: Knowledge | F37: 5
A38: Intimidation | B38: WIL | C38: 10 | E38: Life | F38: 5
A39: Lore | B39: INT | C39: 11 | E39: Order | F39: 4
A40: Medicine | B40: INT | C40: 12 | E40: Power | F40: 1
... A43: Leadership | B43: PRE | C43: 15 | E43: White | F43: 4
A44: Perception | B44: AWA | C44: 16
A45: Persuasion | B45: PRE | C45: 17
A46: Survival | B46: AWA | C46: 18
A50: RECOVERY DIE | D50: SENSES RANGE
A51: 0 | B51: d4 | D51: 0 | E51: 10 ft
A52: 1 | B52: d4 | D52: 1 | E52: 15 ft
A53: 2 | B53: d6 | D53: 2 | E53: 20 ft
A54: 3 | B54: d6 | D54: 3 | E54: 20 ft
A55: 4 | B55: d8 | D55: 4 | E55: 25 ft
A56: 5 | B56: d8 | D56: 5 | E56: 30 ft
A57: 6 | B57: d10 | D57: 6 | E57: 30 ft
A58: 7 | B58: d10

Sheet Calc
A1: Atlas | B1: Path | C1: Specialty | D1: Name | E1: Action | F1: Cost | G1: Prerequisites | H1: Description | I1: PrereqOK | K1: SkillName | L1: Rank | N1: SelectedTalents
A2: leyline | B2: White | C2: Key | D2: White Leyline Attunement | E2: ∞ | H2: When you Draw Mana, allies within Attunement Range regain HP equal to your Tier. | I2: =TRUE -> TRUE | K2: Agility | L2: ='Character Builder'!B29 -> 0 | N2: ='Character Builder'!$C$42 -> Scent the Weak
A3: leyline | B3: White | C3: Coordination | D3: Concordant Presence | E3: ★ | H3: When an ally within Attunement Range succeeds on a test, the next ally testing that same skill this round rolls the Plot Die. | I3: =TRUE -> TRUE | K3: Athletics | L3: ='Character Builder'!B30 -> 0 | N3: ='Character Builder'!$C$44 -> Erudition
A4: leyline | B4: White | C4: Coordination | D4: Ordered Preparation | E4: ★ | G4: Concordant Presence | H4: When you aid an ally's test, add half [Die] to the result instead of the normal aid bonus. | I4: =COUNTIF($N$2:$N$50,"Concordant Presence")>0 -> FALSE | K4: Heavy Weaponry | L4: ='Character Builder'!B31 -> 0 | N4: ='Character Builder'!$C$46 -> Strategize
A5: leyline | B5: White | C5: Coordination | D5: Unity of Purpose | E5: ∞ | G5: Concordant Presence | H5: When two or more allies aid the same test, increase the aid bonus by 1 and roll the Plot Die. | I5: =COUNTIF($N$2:$N$50,"Concordant Presence")>0 -> FALSE | K5: Light Weaponry | L5: ='Character Builder'!B32 -> 2 | N5: ='Character Builder'!$C$48 -> Green Leyline Attunement
A6: leyline | B6: White | C6: Coordination | D6: Beacon of Stability | E6: ★ | F6: Opportunity | G6: White 2+; Ordered Preparation or Unity of Purpose | H6: When you Draw Mana, spend Opportunity to remove one condition from an ally within Attunement Range. | I6: =AND(IFERROR(INDEX($L$2:$L$22,MATCH("White",$K$2:$K$22,0)),0)>=2,OR(COUNTIF($N$2:$N$50,"Ordered Preparation")>0,COUNTIF($N$2:$N$50,"Unity of Purpose")>0)) -> FALSE | K6: Stealth | L6: ='Character Builder'!B33 -> 0 | N6: ='Character Builder'!$C$50 -> Predator's Instinct
A7: leyline | B7: White | C7: Coordination | D7: Shared Conviction | E7: ⟲ | F7: 1 Focus | G7: Beacon of Stability | H7: When an ally within Attunement Range fails a test, add half [Die] to their result. This may change the outcome. | I7: =COUNTIF($N$2:$N$50,"Beacon of Stability")>0 -> FALSE | K7: Thievery | L7: ='Character Builder'!B34 -> 0 | N7: ='Character Builder'!$C$54 -> Incite
A8: leyline | B8: White | C8: Coordination | D8: Ordered Advance | E8: ★ | G8: Beacon of Stability | H8: When you Move, up to Tier allies within 10 ft may move half their Speed without provoking Reactions. | I8: =COUNTIF($N$2:$N$50,"Beacon of Stability")>0 -> FALSE | K8: Crafting | L8: ='Character Builder'!F29 -> 0 | N8: ='Character Builder'!$C$55 -> Burning Drive
A9: leyline | B9: White | C9: Coordination | D9: Mending Aura | E9: ★ | F9: Opportunity | G9: White 2+; Ordered Advance or Shared Conviction | H9: When you Draw Mana, spend Opportunity to restore half [Die] HP to each ally within [Size]. | I9: =AND(IFERROR(INDEX($L$2:$L$22,MATCH("White",$K$2:$K$22,0)),0)>=2,OR(COUNTIF($N$2:$N$50,"Ordered Advance")>0,COUNTIF($N$2:$N$50,"Shared Conviction")>0)) -> FALSE | K9: Deduction | L9: ='Character Builder'!F30 -> 3 | N9: ='Character Builder'!$C$56 -> Mind and Body
A10: leyline | B10: White | C10: Coordination | D10: Pillar of Order | E10: ⟲ | G10: Mending Aura; White 3+ | H10: When an ally within Attunement Range rolls a Complication, change it to a blank face. Once per round. | I10: =AND(COUNTIF($N$2:$N$50,"Mending Aura")>0,IFERROR(INDEX($L$2:$L$22,MATCH("White",$K$2:$K$22,0)),0)>=3) -> FALSE | K10: Discipline | L10: ='Character Builder'!F31 -> 0 | N10: ='Character Builder'!$C$57 -> Know Your Moment
A11: leyline | B11: White | C11: Bulwark | D11: Guardian Stance | E11: ∞ | H11: While an ally is adjacent to you, you both gain +1 Deflect. | I11: =TRUE -> TRUE | K11: Intimidation | L11: ='Character Builder'!F32 -> 0 | N11: ='Character Builder'!$C$58 -> 0
A12: leyline | B12: White | C12: Bulwark | D12: Interposing Shield | E12: ⟲ | F12: 1 Investiture | G12: Guardian Stance | H12: When an ally within 10 ft takes damage, move up to 10 ft toward them and reduce that damage by half [Die]. | I12: =COUNTIF($N$2:$N$50,"Guardian Stance")>0 -> FALSE | K12: Lore | L12: ='Character Builder'!F33 -> 3 | N12: ='Character Builder'!$C$59 -> 0
A13: leyline | B13: White | C13: Bulwark | D13: Stabilizing Touch | E13: ▶ | F13: 1 Investiture | G13: Guardian Stance | H13: Touch a creature to restore [Die] HP. If below half HP, restore [Die] + half [Die] instead. | I13: =COUNTIF($N$2:$N$50,"Guardian Stance")>0 -> FALSE | K13: Medicine | L13: ='Character Builder'!F34 -> 0 | N13: ='Character Builder'!$C$60 -> 0
A14: leyline | B14: White | C14: Bulwark | D14: Shared Burden | E14: ★ | G14: Interposing Shield or Stabilizing Touch | H14: When an ally adjacent to you takes damage, you may take half that damage in their place. Once per round. | I14: =OR(COUNTIF($N$2:$N$50,"Interposing Shield")>0,COUNTIF($N$2:$N$50,"Stabilizing Touch")>0) -> FALSE | K14: Deception | L14: ='Character Builder'!J29 -> 0 | N14: ='Character Builder'!$C$61 -> 0
A15: leyline | B15: White | C15: Bulwark | D15: Devoted Conduit | E15: ∞ | G15: Shared Burden | H15: When an ally within Attunement Range takes damage intended for another creature, reduce that damage by half [Die]. | I15: =COUNTIF($N$2:$N$50,"Shared Burden")>0 -> FALSE | K15: Insight | L15: ='Character Builder'!J30 -> 3 | N15: ='Character Builder'!$C$62 -> 0
A16: leyline | B16: White | C16: Bulwark | D16: Shield Wall | E16: ∞ | G16: Shared Burden | H16: When two or more allies are adjacent to each other, attacks against them deal half [Die] less damage. | I16: =COUNTIF($N$2:$N$50,"Shared Burden")>0 -> FALSE | K16: Leadership | L16: ='Character Builder'!J31 -> 0 | N16: ='Character Builder'!$C$63 -> 0
A17: leyline | B17: White | C17: Bulwark | D17: Unbreakable Line | E17: ∞ | G17: White 2+; Shield Wall or Devoted Conduit | H17: Once per round, when an ally adjacent to you would drop to 0 HP, they drop to 1 HP instead. | I17: =AND(IFERROR(INDEX($L$2:$L$22,MATCH("White",$K$2:$K$22,0)),0)>=2,OR(COUNTIF($N$2:$N$50,"Shield Wall")>0,COUNTIF($N$2:$N$50,"Devoted Conduit")>0)) -> FALSE | K17: Perception | L17: ='Character Builder'!J32 -> 0 | N17: ='Character Builder'!$C$64 -> 0
A18: leyline | B18: White | C18: Bulwark | D18: Hardy | E18: ∞ | G18: Unbreakable Line; White 3+ | H18: Gain +1 maximum HP per level, including previous levels. | I18: =AND(COUNTIF($N$2:$N$50,"Unbreakable Line")>0,IFERROR(INDEX($L$2:$L$22,MATCH("White",$K$2:$K$22,0)),0)>=3) -> FALSE | K18: Persuasion | L18: ='Character Builder'!J33 -> 0 | N18: ='Character Builder'!$C$65 -> 0
A19: leyline | B19: White | C19: Accord | D19: Terms of Accord | E19: ∞ | H19: When you and a willing creature verbally agree on a shared objective, both gain +1 to tests pursuing it for the scene. One active accord per creature. | I19: =TRUE -> TRUE | K19: Survival | L19: ='Character Builder'!J34 -> 1 | N19: ='Character Builder'!$C$66 -> 0
A20: leyline | B20: White | C20: Accord | D20: Calming Presence | E20: ∞ | G20: Terms of Accord | H20: Allies within your Attunement Range gain +1 to defenses against Influence and fear effects. | I20: =COUNTIF($N$2:$N$50,"Terms of Accord")>0 -> FALSE | K20: =IF(OR($C$7="",$C$7="(None)"),"",$C$7) -> Coordination | L20: ='Character Builder'!B35 -> 2 | N20: ='Character Builder'!$C$67 -> 0
A21: leyline | B21: White | C21: Accord | D21: Disciplined Mind | E21: ∞ | G21: Terms of Accord | H21: You and allies within Attunement Range reduce the Focus cost to resist Influence by 1 (minimum 1). | I21: =COUNTIF($N$2:$N$50,"Terms of Accord")>0 -> FALSE | K21: =IF(OR($C$8="",$C$8="(None)"),"",$C$8) -> Coordination | L21: ='Character Builder'!F35 -> 2 | N21: ='Character Builder'!$C$68 -> 0
A22: leyline | B22: White | C22: Accord | D22: Commanding Presence | E22: ★ | G22: White 2+; Calming Presence or Disciplined Mind | H22: When you succeed on an Influence test, the target also becomes Disoriented until the end of your next turn. | I22: =AND(IFERROR(INDEX($L$2:$L$22,MATCH("White",$K$2:$K$22,0)),0)>=2,OR(COUNTIF($N$2:$N$50,"Calming Presence")>0,COUNTIF($N$2:$N$50,"Disciplined Mind")>0)) -> FALSE | K22: =IF(OR($C$9="",$C$9="(None)"),"",$C$9) -> Coordination | L22: ='Character Builder'!J35 -> 1 | N22: ='Character Builder'!$C$69 -> 0
A23: leyline | B23: White | C23: Accord | D23: Shared Discipline | E23: ∞ | G23: Commanding Presence | H23: Allies within Attunement Range ignore the first instance of Disoriented each round. | I23: =COUNTIF($N$2:$N$50,"Commanding Presence")>0 -> FALSE | N23: ='Character Builder'!$C$70 -> 0
A24: leyline | B24: White | C24: Accord | D24: Collective Resolve | E24: ★ | F24: Opportunity | G24: Shared Discipline | H24: When an ally within Attunement Range succeeds on a test, spend Opportunity to grant them Determined. | I24: =COUNTIF($N$2:$N$50,"Shared Discipline")>0 -> FALSE | N24: ='Character Builder'!$C$71 -> 0
A25: leyline | B25: White | C25: Accord | D25: Unyielding Accord | E25: ∞ | G25: Shared Discipline | H25: Allies within Attunement Range gain +1 to Cognitive and Spiritual defenses while adjacent to another ally. | I25: =COUNTIF($N$2:$N$50,"Shared Discipline")>0 -> FALSE | N25: ='Character Builder'!$C$72 -> 0
A26: leyline | B26: White | C26: Accord | D26: Voice of Authority | E26: ⟲ | G26: White 3+; Collective Resolve or Unyielding Accord | H26: When an enemy within Attunement Range targets an ally with a hostile action, impose Disadvantage. Once per round. | I26: =AND(IFERROR(INDEX($L$2:$L$22,MATCH("White",$K$2:$K$22,0)),0)>=3,OR(COUNTIF($N$2:$N$50,"Collective Resolve")>0,COUNTIF($N$2:$N$50,"Unyielding Accord")>0)) -> FALSE | N26: ='Character Builder'!$C$73 -> 0
A27: leyline | B27: Blue | C27: Key | D27: Blue Leyline Attunement | E27: ∞ | H27: When you Draw Mana, gain Advantage on your next Cognitive test. | I27: =TRUE -> TRUE | N27: ='Character Builder'!$C$74 -> 0
A28: leyline | B28: Blue | C28: Foresight | D28: Predictive Awareness | E28: ∞ | H28: At the start of each scene, choose one skill. Your first test using that skill gains Advantage. | I28: =TRUE -> TRUE | N28: ='Character Builder'!$C$75 -> 0
A29: leyline | B29: Blue | C29: Foresight | D29: Future Vector | E29: ★ | G29: Predictive Awareness | H29: When you test against a creature or objective for the first time this scene, also roll the Plot Die. | I29: =COUNTIF($N$2:$N$50,"Predictive Awareness")>0 -> FALSE | N29: ='Character Builder'!$H$54 -> 0
A30: leyline | B30: Blue | C30: Foresight | D30: Telepathic Network | E30: ▶▶ | F30: 2 Investiture | G30: Predictive Awareness | H30: You communicate telepathically with willing creatures within Attunement Range until the end of the scene. Allies in the network share your Expertise. | I30: =COUNTIF($N$2:$N$50,"Predictive Awareness")>0 -> FALSE | N30: ='Character Builder'!$H$55 -> 0
A31: leyline | B31: Blue | C31: Foresight | D31: Calculated Patience | E31: ∞ | G31: Blue 2+; Future Vector or Telepathic Network | H31: When you take a Slow turn, your first test that turn gains Advantage. | I31: =AND(IFERROR(INDEX($L$2:$L$22,MATCH("Blue",$K$2:$K$22,0)),0)>=2,OR(COUNTIF($N$2:$N$50,"Future Vector")>0,COUNTIF($N$2:$N$50,"Telepathic Network")>0)) -> FALSE | N31: ='Character Builder'!$H$56 -> 0
A32: leyline | B32: Blue | C32: Foresight | D32: Reactive Analysis | E32: ★ | G32: Calculated Patience | H32: When a creature within Attunement Range fails a test, gain Advantage on your next test against it. | I32: =COUNTIF($N$2:$N$50,"Calculated Patience")>0 -> FALSE | N32: ='Character Builder'!$H$57 -> 0
A33: leyline | B33: Blue | C33: Foresight | D33: Probable Outcome | E33: ∞ | G33: Reactive Analysis | H33: After all creatures choose Fast or Slow turn, you may change your choice. | I33: =COUNTIF($N$2:$N$50,"Reactive Analysis")>0 -> FALSE | N33: ='Character Builder'!$H$58 -> 0
A34: leyline | B34: Blue | C34: Foresight | D34: Foretold Conclusion | E34: ★ | F34: 1 Focus | G34: Probable Outcome; Blue 2+ | H34: When you roll the Plot Die, spend 1 Focus to reroll it and keep either result. | I34: =AND(COUNTIF($N$2:$N$50,"Probable Outcome")>0,IFERROR(INDEX($L$2:$L$22,MATCH("Blue",$K$2:$K$22,0)),0)>=2) -> FALSE | N34: ='Character Builder'!$H$59 -> 0
A35: leyline | B35: Blue | C35: Foresight | D35: Collected | E35: ∞ | G35: Foretold Conclusion; Blue 3+ | H35: Increase your Cognitive and Spiritual Defenses by 2. | I35: =AND(COUNTIF($N$2:$N$50,"Foretold Conclusion")>0,IFERROR(INDEX($L$2:$L$22,MATCH("Blue",$K$2:$K$22,0)),0)>=3) -> FALSE | N35: ='Character Builder'!$H$60 -> 0
A36: leyline | B36: Blue | C36: Calculation | D36: Inertial Sense | E36: ∞ | H36: You ignore Disadvantage on tests caused by movement. After moving 10+ ft, add half [Die] to your next Physical test. | I36: =TRUE -> TRUE | N36: ='Character Builder'!$H$61 -> 0
A37: leyline | B37: Blue | C37: Illusion | D37: Redirect Momentum | E37: ⟲ | F37: 1 Investiture | G37: Subtle Suggestion | H37: When a creature within Attunement Range moves, spend 1 Investiture to test Illusion vs. Physical. On a success, reduce its remaining movement by [Size] or push it [Size] ft in any direction. | I37: =COUNTIF($N$2:$N$50,"Inertial Sense")>0 -> FALSE | N37: ='Character Builder'!$H$62 -> 0
A38: leyline | B38: Blue | C38: Illusion | D38: Velocity Shift | E38: ★ | G38: Redirect Momentum | H38: When an ally within Attunement Range moves, they may move an additional [Size] ft without provoking Reactions. | I38: =COUNTIF($N$2:$N$50,"Inertial Sense")>0 -> FALSE | N38: ='Character Builder'!$H$63 -> 0
A39: leyline | B39: Blue | C39: Illusion | D39: Holographic Illusion | E39: ▶ | F39: Variable Investiture | G39: Phantom Barricade | H39: Spend 1 Investiture to create an illusion within Attunement Range. The illusion cannot exceed [Size]. Illusions cost 1 Investiture every 10 minutes, unless it depicts a character or complex object. Complex illusions cost 1 Investiture every round, and can move up to your movement rate. You can use a Free Action to have your illusion perform simple, mindless tasks, and an Action to have it perform something requiring your attention (such as a conversation). | I39: =OR(COUNTIF($N$2:$N$50,"Redirect Momentum")>0,COUNTIF($N$2:$N$50,"Velocity Shift")>0) -> FALSE | N39: ='Character Builder'!$H$64 -> 0
A40: leyline | B40: Blue | C40: Illusion | D40: Phantom Barricade | E40: ▶ | F40: 1 Investiture | G40: Subtle Suggestion; Blue 2+ | H40: Create a shimmering barrier at a point within Attunement Range. It has HP equal to 2[Die] provides cover, and blocks movement. | I40: =AND(COUNTIF($N$2:$N$50,"Vector Control")>0,IFERROR(INDEX($L$2:$L$22,MATCH("Blue",$K$2:$K$22,0)),0)>=2) -> FALSE | N40: ='Character Builder'!$H$65 -> 0
A41: leyline | B41: Blue | C41: Illusion | D41: Spatial Lock | E41: ▶ | F41: 1 Focus | G41: Velocity Shift; Blue 2+ | H41: Test Blue Leyline vs. Cognitive Defense. On success, target's Speed becomes 0 until end of your next turn. | I41: =COUNTIF($N$2:$N$50,"Phantom Barricade")>0 -> FALSE | N41: ='Character Builder'!$H$66 -> 0
A42: leyline | B42: Blue | C42: Illusion | D42: Kinetic Rebound | E42: ∞ | G42: Spatial Lock | H42: When a creature within Attunement Range is pushed or moved involuntarily, it takes half [Die] Impact damage. | I42: =COUNTIF($N$2:$N$50,"Spatial Lock")>0 -> FALSE | N42: ='Character Builder'!$H$67 -> 0
A43: leyline | B43: Blue | C43: Illusion | D43: Absolute Stillness | E43: ∞ | G43: Kinetic Rebound; Blue 3+ | H43: Creatures you have reduced to 0 Speed also suffer Disadvantage on Physical tests and cannot take Reactions. | I43: =AND(COUNTIF($N$2:$N$50,"Kinetic Rebound")>0,IFERROR(INDEX($L$2:$L$22,MATCH("Blue",$K$2:$K$22,0)),0)>=3) -> FALSE | N43: ='Character Builder'!$H$68 -> 0
A44: leyline | B44: Blue | C44: Illusion | D44: Subtle Suggestion | E44: ∞ | H44: When making an Influence or Illusion tests against a character, they become Disoriented on a success. | I44: =TRUE -> TRUE | N44: ='Character Builder'!$H$69 -> 0
A45: leyline | B45: Blue | C45: Calculation | D45: Fractured Attention | E45: ★ | G45: Inertial Sense | H45: When you succeed on a Cognitive test against a creature, its next test this round suffers Disadvantage. | I45: =COUNTIF($N$2:$N$50,"Subtle Suggestion")>0 -> FALSE | N45: ='Character Builder'!$H$70 -> 0
A46: leyline | B46: Blue | C46: Calculation | D46: Composed | E46: ∞ | G46: Inertial Sense | H46: Increase your maximum Focus by your Tier. | I46: =COUNTIF($N$2:$N$50,"Subtle Suggestion")>0 -> FALSE | N46: ='Character Builder'!$H$71 -> 0
A47: leyline | B47: Blue | C47: Calculation | D47: Predictive Thread | E47: ★ | G47: Blue 2+; Fractured Attention or Composed | H47: Once per round, when a creature within Attunement Range rolls the Plot Die, force a reroll. The new result stands. | I47: =AND(IFERROR(INDEX($L$2:$L$22,MATCH("Blue",$K$2:$K$22,0)),0)>=2,OR(COUNTIF($N$2:$N$50,"Fractured Attention")>0,COUNTIF($N$2:$N$50,"Composed")>0)) -> FALSE | N47: ='Character Builder'!$H$72 -> 0
A48: leyline | B48: Blue | C48: Calculation | D48: Calculated Delay | E48: ▶ | F48: 1 Focus | G48: Predictive Thread | H48: Choose a creature within Attunement Range. It must declare its next action. If it changes that action, it suffers Disadvantage. | I48: =COUNTIF($N$2:$N$50,"Predictive Thread")>0 -> FALSE | N48: ='Character Builder'!$H$73 -> 0
A49: leyline | B49: Blue | C49: Calculation | D49: False Premise | E49: ⟲ | G49: Predictive Thread | H49: When a creature within Attunement Range succeeds on a Cognitive test, impose Disadvantage on its next test. Once per round. | I49: =COUNTIF($N$2:$N$50,"Predictive Thread")>0 -> FALSE | N49: ='Character Builder'!$H$74 -> 0
A50: leyline | B50: Blue | C50: Calculation | D50: Probability Cascade | E50: ★ | F50: Opportunity | G50: Calculated Delay or False Premise | H50: When you impose Disadvantage on a creature, spend Opportunity to extend it to that creature's next two tests instead of one. | I50: =OR(COUNTIF($N$2:$N$50,"Calculated Delay")>0,COUNTIF($N$2:$N$50,"False Premise")>0) -> FALSE | N50: ='Character Builder'!$H$75 -> 0
A51: leyline | B51: Blue | C51: Calculation | D51: Baleful | E51: ∞ | G51: Probability Cascade; Blue 3+ | H51: To resist your Influence, a creature must spend additional Focus equal to your Tier. | I51: =AND(COUNTIF($N$2:$N$50,"Probability Cascade")>0,IFERROR(INDEX($L$2:$L$22,MATCH("Blue",$K$2:$K$22,0)),0)>=3) -> FALSE
A52: leyline | B52: Black | C52: Key | D52: Black Leyline Attunement | E52: ∞ | H52: When you Draw Mana, enemies within Attunement Range with no allied creature within 10 ft become Weakened. | I52: =TRUE -> TRUE
A53: leyline | B53: Black | C53: Isolation | D53: Jump Scare | E53: ▶▶ | F53: 1 Investiture | H53: Spend 1 Investiture to make a ranged Isolation attack vs Cognitive of a character within Attunement Range, rolling [Die] Vital damage. That character may spend Focus equal to your ranks in Isolation or must use 2 Actions on its next turn to move away from you. | I53: =TRUE -> TRUE
A54: leyline | B54: Black | C54: Isolation | D54: Sapping Hex | E54: ★ | G54: Jump Scare | H54: When you deal Vital damage to a creature, it becomes Weakened until the end of your next turn. | I54: =COUNTIF($N$2:$N$50,"Jump Scare")>0 -> FALSE
A55: leyline | B55: Black | C55: Isolation | D55: Spoils of Isolation | E55: ∞ | G55: Jump Scare | H55: At the start of your turn, gain Temporary HP equal to the number of Weakened enemies within Attunement Range. | I55: =COUNTIF($N$2:$N$50,"Jump Scare")>0 -> FALSE
A56: leyline | B56: Black | C56: Isolation | D56: Severance | E56: ★ | G56: Spoils of Isolation or Sapping Hex | H56: When you succeed on a test against an isolated creature, it cannot benefit from Assists until end of your next turn. | I56: =OR(COUNTIF($N$2:$N$50,"Spoils of Isolation")>0,COUNTIF($N$2:$N$50,"Sapping Hex")>0) -> FALSE
A57: leyline | B57: Black | C57: Isolation | D57: Cruel Step | E57: ◇ | F57: 1 Investiture | G57: Severance; Black 2+ | H57: Spend 1 Investiture to move 10 feet towards an isolated character within Attunement Range without provoking Reactive Strikes. | I57: =AND(COUNTIF($N$2:$N$50,"Severance")>0,IFERROR(INDEX($L$2:$L$22,MATCH("Black",$K$2:$K$22,0)),0)>=2) -> FALSE
A58: leyline | B58: Black | C58: Isolation | D58: Solitude's Toll | E58: ★ | G58: Cruel Step | H58: When a Weakened enemy within Attunement Range fails a test, it loses 1 Focus. | I58: =COUNTIF($N$2:$N$50,"Cruel Step")>0 -> FALSE
A59: leyline | B59: Black | C59: Isolation | D59: Dread Presence | E59: ∞ | G59: Solitude's Toll | H59: Weakened creatures within Attunement Range suffer Disadvantage on tests to resist your Influence. | I59: =COUNTIF($N$2:$N$50,"Solitude's Toll")>0 -> FALSE
A60: leyline | B60: Black | C60: Isolation | D60: Sovereign of Solitude | E60: ⟲ | F60: 1 Focus; 2 Investiture | G60: Dread Presence; Black 3+ | H60: When a Weakened creature within Attunement Range moves toward an ally, spend 1 Focus and 2 Investiture to reduce its Speed to 0. | I60: =AND(COUNTIF($N$2:$N$50,"Dread Presence")>0,IFERROR(INDEX($L$2:$L$22,MATCH("Black",$K$2:$K$22,0)),0)>=3) -> FALSE
A61: leyline | B61: Black | C61: Ritual | D61: Blood Price | E61: ∞ | G61: Withering Ray | H61: When you lose HP to activate a Black Ritual talent, gain Advantage on your next Spiritual test. | I61: =TRUE -> TRUE
A62: leyline | B62: Black | C62: Ritual | D62: Hardy | E62: ∞ | G62: Blood Price | H62: Gain +1 maximum HP per level, including previous levels. | I62: =COUNTIF($N$2:$N$50,"Blood Price")>0 -> FALSE
A63: leyline | B63: Black | C63: Ritual | D63: Withering Ray | E63: ▶ | F63: Lose HP = half [Die] | H63: Spend 1/2 [Die] health to make a ranged Ritual attack vs Spiritual of a target within Attunement Range, rolling 2 [Die] Vital damage. | I63: =COUNTIF($N$2:$N$50,"Hardy (Blood path)")>0 -> FALSE
A64: leyline | B64: Black | C64: Ritual | D64: Necrotic Grasp | E64: ★ | G64: Withering Ray | H64: When you hit a creature with a Ritual attack, reduce its healing received by half until end of your next turn. | I64: =COUNTIF($N$2:$N$50,"Withering Ray")>0 -> FALSE
A65: leyline | B65: Black | C65: Ritual | D65: Dark Investiture | E65: ▶ | F65: 1 Investiture + Lose HP = Tier | G65: Hardy | H65: Spend 1 Investiture to test Ritual vs Spiritual of a character within Attunement Range. On a success, that character becomes Afflicted [[Die] Vital damage]. | I65: =COUNTIF($N$2:$N$50,"Hardy (Preparation path)")>0 -> FALSE
A66: leyline | B66: Black | C66: Ritual | D66: Sanguine Reservoir | E66: ∞ | G66: Dark Investiture | H66: When you lose HP from a Ritual talent, store the lost amount as Reserve, with a maximum equal to your ranks in Black. Spend Reserve as Investiture for Black talents. | I66: =COUNTIF($N$2:$N$50,"Dark Investiture")>0 -> FALSE
A67: leyline | B67: Black | C67: Ritual | D67: Double Dip | E67: ▶ | F67: 2 Investiture | G67: Necrotic Grasp or Sanguine Reservoir | H67: Test Ritual vs Cognitive of a character within Attunement Range. On a success, spend Reserve as health for Ritual talents targeting this character. | I67: =OR(COUNTIF($N$2:$N$50,"Necrotic Grasp")>0,COUNTIF($N$2:$N$50,"Sanguine Reservoir")>0) -> FALSE
A68: leyline | B68: Black | C68: Ritual | D68: Predator's Due | E68: ∞ | G68: Black 3+; Dark Investiture | H68: When you reduce a creature to 0 HP, regain HP equal to [Die] and 1 Investiture. | I68: =AND(COUNTIF($N$2:$N$50,"Grievous Bargain")>0,IFERROR(INDEX($L$2:$L$22,MATCH("Black",$K$2:$K$22,0)),0)>=3) -> FALSE
A69: leyline | B69: Black | C69: Subjugation | D69: Mental Trespass | E69: ∞ | G69: Hollow Command | H69: When you succeed on an Influence test, learn the target's current Focus total. | I69: =TRUE -> TRUE
A70: leyline | B70: Black | C70: Subjugation | D70: Coercive Pressure | E70: ★ | G70: Hollow Command | H70: When a creature within Attunement Range loses Focus, it suffers Disadvantage on its next Cognitive test. | I70: =COUNTIF($N$2:$N$50,"Mental Trespass")>0 -> FALSE
A71: leyline | B71: Black | C71: Subjugation | D71: Predatory Insight | E71: ∞ | G71: Mental Trespass | H71: Gain Advantage on Influence tests against creatures with fewer Focus than you. Regain 1 Focus when any creature reaches 0 Focus. | I71: =COUNTIF($N$2:$N$50,"Mental Trespass")>0 -> FALSE
A72: leyline | B72: Black | C72: Subjugation | D72: Extract Thought | E72: ★ | G72: Coercive Pressure or Predatory Insight | H72: When you succeed on an Influence test, the target cannot take Reactions until the end of your next turn. | I72: =OR(COUNTIF($N$2:$N$50,"Coercive Pressure")>0,COUNTIF($N$2:$N$50,"Predatory Insight")>0) -> FALSE
A73: leyline | B73: Black | C73: Subjugation | D73: Whispered Doubt | E73: ★ | G73: Extract Thought; Black 2+ | H73: When a creature within Attunement Range spends Focus, it spends 1 additional Focus. Once per round. | I73: =AND(COUNTIF($N$2:$N$50,"Extract Thought")>0,IFERROR(INDEX($L$2:$L$22,MATCH("Black",$K$2:$K$22,0)),0)>=2) -> FALSE
A74: leyline | B74: Black | C74: Subjugation | D74: Composed | E74: ∞ | G74: Extract Thought | H74: Increase your maximum Focus by your Tier. | I74: =COUNTIF($N$2:$N$50,"Extract Thought")>0 -> FALSE
A75: leyline | B75: Black | C75: Subjugation | D75: Hollow Command | E75: ▶ | F75: 1 Focus | H75: Test Influence vs. Spiritual Defense. On success, the target cannot take actions on its next turn but retains its Reaction. | I75: =OR(COUNTIF($N$2:$N$50,"Whispered Doubt")>0,COUNTIF($N$2:$N$50,"Composed")>0) -> FALSE
A76: leyline | B76: Black | C76: Subjugation | D76: Puppeteer | E76: ⟲ | F76: 2 Focus; 1 Investiture | G76: Composed; Black 3+ | H76: When a creature with 0 Focus takes its turn, spend 2 Focus and 1 Investiture to choose one of its actions this turn. | I76: =AND(COUNTIF($N$2:$N$50,"Hollow Command")>0,IFERROR(INDEX($L$2:$L$22,MATCH("Black",$K$2:$K$22,0)),0)>=3) -> FALSE
A77: leyline | B77: Red | C77: Key | D77: Red Leyline Attunement | E77: ∞ | H77: When you Draw Mana, gain Advantage on your next Physical test. Lose your Reaction until the start of your next turn. | I77: =TRUE -> TRUE
A78: leyline | B78: Red | C78: Momentum | D78: Burning Drive | E78: ∞ | H78: On a Fast turn, add half [Die] to your first Physical test. | I78: =TRUE -> TRUE
A79: leyline | B79: Red | C79: Momentum | D79: Reckless Advance | E79: ◇ | G79: Burning Drive | H79: Move up to [Size] ft toward a creature or objective without provoking Reactions. Once per turn. | I79: =COUNTIF($N$2:$N$50,"Burning Drive")>0 -> TRUE
A80: leyline | B80: Red | C80: Momentum | D80: Volatile Strike | E80: ★ | G80: Burning Drive | H80: When you hit with a melee attack, add half [Die] Impact damage. Lose HP equal to half [Die] to add [Die] instead. | I80: =COUNTIF($N$2:$N$50,"Burning Drive")>0 -> TRUE
A81: leyline | B81: Red | C81: Momentum | D81: Escalating Fury | E81: ★ | G81: Red 2+; Reckless Advance or Volatile Strike | H81: Each time you take damage, gain +1 to your next test (maximum bonus equal to Rank). Resets after use. | I81: =AND(IFERROR(INDEX($L$2:$L$22,MATCH("Red",$K$2:$K$22,0)),0)>=2,OR(COUNTIF($N$2:$N$50,"Reckless Advance")>0,COUNTIF($N$2:$N$50,"Volatile Strike")>0)) -> FALSE
A82: leyline | B82: Red | C82: Momentum | D82: Shockwave Slam | E82: ★ | G82: Escalating Fury | H82: When you hit with a melee Physical test, push the target up to [Size] ft. Collision with an obstacle deals half [Die] Impact. | I82: =COUNTIF($N$2:$N$50,"Escalating Fury")>0 -> FALSE
A83: leyline | B83: Red | C83: Momentum | D83: Explosive Leap | E83: ◇ | G83: Escalating Fury | H83: Move up to [Size] ft without provoking Reactions. Creatures within 5 ft of where you land test Physical or fall Prone. | I83: =COUNTIF($N$2:$N$50,"Escalating Fury")>0 -> FALSE
A84: leyline | B84: Red | C84: Momentum | D84: Reckless Momentum | E84: ★ | F84: Opportunity | G84: Shockwave Slam or Explosive Leap | H84: When you succeed on a Physical test, spend Opportunity to roll the Plot Die on your next test this turn. | I84: =OR(COUNTIF($N$2:$N$50,"Shockwave Slam")>0,COUNTIF($N$2:$N$50,"Explosive Leap")>0) -> FALSE
A85: leyline | B85: Red | C85: Momentum | D85: Unstoppable | E85: ∞ | G85: Reckless Momentum; Red 3+ | H85: When you deal damage on a Fast turn, move up to half your Speed without provoking Reactions. Once per turn. | I85: =AND(COUNTIF($N$2:$N$50,"Reckless Momentum")>0,IFERROR(INDEX($L$2:$L$22,MATCH("Red",$K$2:$K$22,0)),0)>=3) -> FALSE
A86: leyline | B86: Red | C86: Conflagration | D86: Kindle | E86: ∞ | H86: Your Red Conflagration talents deal +1 Energy damage. Creatures you deal Energy damage to shed light in 5 ft and lose concealment benefits until end of your next turn. | I86: =TRUE -> TRUE
A87: leyline | B87: Red | C87: Conflagration | D87: Searing Bolt | E87: ▶ | F87: 1 Investiture | G87: Kindle | H87: Ranged attack within Attunement Range dealing [Die] Energy damage. If target is already shedding light from Kindle, deal additional half [Die]. | I87: =COUNTIF($N$2:$N$50,"Kindle")>0 -> FALSE
A88: leyline | B88: Red | C88: Conflagration | D88: Flame Surge | E88: ▶ | F88: 2 Investiture | G88: Searing Bolt | H88: Each creature within [Size] of a point in Attunement Range tests Physical. On failure, take [Die] Energy damage. | I88: =COUNTIF($N$2:$N$50,"Searing Bolt")>0 -> FALSE
A89: leyline | B89: Red | C89: Conflagration | D89: Arc Flash | E89: ★ | G89: Searing Bolt; Red 2+ | H89: When you deal Energy damage to a creature, a bolt arcs to one other creature within 10 ft, dealing half [Die] Energy damage. Once per round. | I89: =AND(COUNTIF($N$2:$N$50,"Searing Bolt")>0,IFERROR(INDEX($L$2:$L$22,MATCH("Red",$K$2:$K$22,0)),0)>=2) -> FALSE
A90: leyline | B90: Red | C90: Conflagration | D90: Backblast | E90: ⟲ | G90: Arc Flash or Flame Surge | H90: When a creature hits you with a melee attack, deal half [Die] Energy damage to it. | I90: =OR(COUNTIF($N$2:$N$50,"Arc Flash")>0,COUNTIF($N$2:$N$50,"Flame Surge")>0) -> FALSE
A91: leyline | B91: Red | C91: Conflagration | D91: Mighty | E91: ∞ | G91: Backblast | H91: When you hit with a weapon or unarmed attack, for each action spent, deal extra damage equal to 1 + your Tier. | I91: =COUNTIF($N$2:$N$50,"Backblast")>0 -> FALSE
A92: leyline | B92: Red | C92: Conflagration | D92: Afterburn | E92: ★ | F92: Opportunity | G92: Mighty; Red 2+ | H92: When you deal Energy damage with a Red Conflagration talent, spend Opportunity to inflict Afflicted[half [Die] Energy] on the target. | I92: =AND(COUNTIF($N$2:$N$50,"Mighty")>0,IFERROR(INDEX($L$2:$L$22,MATCH("Red",$K$2:$K$22,0)),0)>=2) -> FALSE
A93: leyline | B93: Red | C93: Conflagration | D93: Chain Detonation | E93: ∞ | G93: Afterburn; Red 3+ | H93: When you reduce a creature to 0 HP with a Red Conflagration talent, deal half [Die] Energy damage to each creature within 5 ft. | I93: =AND(COUNTIF($N$2:$N$50,"Afterburn")>0,IFERROR(INDEX($L$2:$L$22,MATCH("Red",$K$2:$K$22,0)),0)>=3) -> FALSE
A94: leyline | B94: Red | C94: Frenzy | D94: Incite | E94: ▶ | F94: 1 Investiture | H94: Test Influence vs. Spiritual Defense on a creature in Attunement Range. On success, it must Strike the nearest creature or lose its Reaction. | I94: =TRUE -> TRUE
A95: leyline | B95: Red | C95: Frenzy | D95: Emotional Overload | E95: ★ | G95: Incite | H95: When a creature within Attunement Range gains Advantage from any source, it suffers Disadvantage on its next non-attack test. | I95: =COUNTIF($N$2:$N$50,"Incite")>0 -> TRUE
A96: leyline | B96: Red | C96: Frenzy | D96: Battle Fever | E96: ∞ | G96: Incite | H96: Each time damage is dealt within Attunement Range, you and allies gain +1 to your next test (max = Rank). Resets at start of your turn. | I96: =COUNTIF($N$2:$N$50,"Incite")>0 -> TRUE
A97: leyline | B97: Red | C97: Frenzy | D97: Shatter Focus | E97: ⟲ | G97: Red 2+; Emotional Overload or Battle Fever | H97: When a creature within Attunement Range fails a test, it loses 1 Focus. Once per round. | I97: =AND(IFERROR(INDEX($L$2:$L$22,MATCH("Red",$K$2:$K$22,0)),0)>=2,OR(COUNTIF($N$2:$N$50,"Emotional Overload")>0,COUNTIF($N$2:$N$50,"Battle Fever")>0)) -> FALSE
A98: leyline | B98: Red | C98: Frenzy | D98: Reckless Gambit | E98: ★ | F98: Opportunity | G98: Shatter Focus | H98: When a creature within Attunement Range takes damage, spend Opportunity to grant it Advantage on its next test. It then suffers Exhausted[2]. | I98: =COUNTIF($N$2:$N$50,"Shatter Focus")>0 -> FALSE
A99: leyline | B99: Red | C99: Frenzy | D99: Contagious Fury | E99: ★ | G99: Shatter Focus | H99: When you succeed on an Influence test that forces a creature to act, the next creature to attack that target rolls the Plot Die. | I99: =COUNTIF($N$2:$N$50,"Shatter Focus")>0 -> FALSE
A100: leyline | B100: Red | C100: Frenzy | D100: Frenzied Tempo | E100: ∞ | G100: Reckless Gambit or Contagious Fury | H100: When you take a Fast turn, your Influence tests gain Advantage until end of turn. | I100: =OR(COUNTIF($N$2:$N$50,"Reckless Gambit")>0,COUNTIF($N$2:$N$50,"Contagious Fury")>0) -> FALSE
...
